﻿<?xml version="1.0" encoding="utf-8"?>
<ImportExportXml xmlns:xsi="http://www.w3.org/2001/XMLSchema-instance">
  <Entities>
    <Entity>
      <Name LocalizedName="Personnel Adjudication" OriginalName="Personnel Adjudication">govcdm_PersonnelAdjudication</Name>
      <FormXml>
        <forms type="main">
          <systemform>
            <formid>{76ec80ec-4bf1-ee11-904b-000d3a8cbc95}</formid>
            <IntroducedVersion>1.0</IntroducedVersion>
            <FormPresentation>1</FormPresentation>
            <FormActivationState>1</FormActivationState>
            <form headerdensity="HighWithControls">
              <tabs>
                <tab verticallayout="true" id="{0035e441-e02a-4ea0-bb9f-b7b441987a8c}" IsUserDefined="1" labelid="{24c550a2-31f4-4ed7-b137-937f92866ce5}">
                  <labels>
                    <label description="General" languagecode="1033" />
                  </labels>
                  <columns>
                    <column width="100%">
                      <sections>
                        <section showlabel="false" showbar="false" IsUserDefined="0" id="{6d57743b-056b-41a6-97b7-83595d7da67e}" labelid="{d02419cf-dc89-41e5-a096-2a92eddb38bc}">
                          <labels>
                            <label description="General" languagecode="1033" />
                          </labels>
                          <rows>
                            <row>
                              <cell id="{b5a3b061-d08a-4bf9-8fb9-84ba8c0b0c6b}" labelid="{dea52738-3eef-4cd5-939a-25103433bf0d}">
                                <labels>
                                  <label description="Name" languagecode="1033" />
                                </labels>
                                <control id="govcdm_name" classid="{4273EDBD-AC1D-40d3-9FB2-095C621B552D}" datafieldname="govcdm_name" />
                              </cell>
                            </row>
                            <row>
                              <cell id="{9d23ca4c-8748-4107-a4e4-f44694ceb239}" labelid="{b1b7ce29-749b-4711-9419-67bda4696615}">
                                <labels>
                                  <label description="Owner" languagecode="1033" />
                                </labels>
                                <control id="ownerid" classid="{270BD3DB-D9AF-4782-9025-509E298DEC0A}" datafieldname="ownerid" />
                              </cell>
                            </row>
                          </rows>
                        </section>
                      </sections>
                    </column>
                  </columns>
                </tab>
              </tabs>
              <header id="{8aabe480-dd6a-4f9a-ba5d-150a44dc866b}" celllabelposition="Top" columns="111" labelwidth="115" celllabelalignment="Left">
                <rows>
                  <row>
                    <cell id="{178998ea-9f00-468e-811d-b5b52cf53791}" showlabel="false" labelid="{b498acd0-db82-47e8-8e14-9b0e2cb6b74c}">
                      <labels>
                        <label description="" languagecode="1033" />
                      </labels>
                    </cell>
                    <cell id="{21060d93-b7b7-48a7-b893-3c45e6e83591}" showlabel="false" labelid="{8c18afce-1e91-41b8-a702-86b8a65911da}">
                      <labels>
                        <label description="" languagecode="1033" />
                      </labels>
                    </cell>
                    <cell id="{0144aca3-bc70-4a11-a371-d18763d636e7}" showlabel="false" labelid="{b4ddb441-3ece-4984-b93c-0b732f2c553a}">
                      <labels>
                        <label description="" languagecode="1033" />
                      </labels>
                    </cell>
                  </row>
                </rows>
              </header>
              <footer id="{d6abbe8a-37f4-437c-9188-73797d2d5920}" celllabelposition="Top" columns="111" labelwidth="115" celllabelalignment="Left">
                <rows>
                  <row>
                    <cell id="{29d8c4d0-dc7a-4afa-8a07-0e759939b919}" showlabel="false" labelid="{e9d3ca1f-0e29-4fd2-abe0-247ec86bbc4d}">
                      <labels>
                        <label description="" languagecode="1033" />
                      </labels>
                    </cell>
                    <cell id="{4071b74d-ef20-440c-8ec6-bead68f55ea4}" showlabel="false" labelid="{cdeb1d93-a330-407b-aaba-2df9851461f1}">
                      <labels>
                        <label description="" languagecode="1033" />
                      </labels>
                    </cell>
                    <cell id="{4cac1fbd-d906-431e-9676-338110833d9e}" showlabel="false" labelid="{768cdeef-c710-48c6-98d2-9e4d122a6560}">
                      <labels>
                        <label description="" languagecode="1033" />
                      </labels>
                    </cell>
                  </row>
                </rows>
              </footer>
              <DisplayConditions Order="1" FallbackForm="true">
                <Role Id="{627090ff-40a3-4053-8790-584edc5be201}" />
                <Role Id="{119f245c-3cc8-4b62-b31c-d1a046ced15d}" />
              </DisplayConditions>
            </form>
            <IsCustomizable>1</IsCustomizable>
            <CanBeDeleted>1</CanBeDeleted>
            <LocalizedNames>
              <LocalizedName description="Main" languagecode="1033" />
            </LocalizedNames>
            <Descriptions>
              <Description description="A form for this entity." languagecode="1033" />
            </Descriptions>
          </systemform>
        </forms>
      </FormXml>
      <RibbonDiffXml>
        <CustomActions />
        <Templates>
          <RibbonTemplates Id="Mscrm.Templates"></RibbonTemplates>
        </Templates>
        <CommandDefinitions />
        <RuleDefinitions>
          <TabDisplayRules />
          <DisplayRules />
          <EnableRules />
        </RuleDefinitions>
        <LocLabels />
      </RibbonDiffXml>
    </Entity>
    <Entity>
      <Name LocalizedName="Personnel Background Investigation" OriginalName="Personnel Background Investigation">govcdm_PersonnelBackgroundInvestigation</Name>
      <FormXml>
        <forms type="main">
          <systemform>
            <formid>{77349620-4cf1-ee11-904b-000d3a8cbc95}</formid>
            <IntroducedVersion>1.0</IntroducedVersion>
            <FormPresentation>1</FormPresentation>
            <FormActivationState>1</FormActivationState>
            <form headerdensity="HighWithControls">
              <tabs>
                <tab verticallayout="true" id="{bea484e4-cb03-4b19-8dcf-7a58ebdf9265}" IsUserDefined="1" labelid="{004562a6-f80f-4429-974f-9a42ba6c0ac0}">
                  <labels>
                    <label description="General" languagecode="1033" />
                  </labels>
                  <columns>
                    <column width="100%">
                      <sections>
                        <section showlabel="false" showbar="false" IsUserDefined="0" id="{645d1d08-d83c-44dd-bab7-123681a296c2}" labelid="{a04adaef-3ae0-414e-a9ac-f37e2c79eb7f}">
                          <labels>
                            <label description="General" languagecode="1033" />
                          </labels>
                          <rows>
                            <row>
                              <cell id="{af9acb65-f61a-43d8-84b1-bd82ec9647c8}" labelid="{138615aa-3a0f-4976-a78b-27e56e109856}">
                                <labels>
                                  <label description="Name" languagecode="1033" />
                                </labels>
                                <control id="govcdm_name" classid="{4273EDBD-AC1D-40d3-9FB2-095C621B552D}" datafieldname="govcdm_name" />
                              </cell>
                            </row>
                            <row>
                              <cell id="{0130c7f2-f973-44ae-9e37-95297a75ba9a}" labelid="{f880b228-bff6-4340-9680-81985715604a}">
                                <labels>
                                  <label description="Owner" languagecode="1033" />
                                </labels>
                                <control id="ownerid" classid="{270BD3DB-D9AF-4782-9025-509E298DEC0A}" datafieldname="ownerid" />
                              </cell>
                            </row>
                          </rows>
                        </section>
                      </sections>
                    </column>
                  </columns>
                </tab>
              </tabs>
              <header id="{502b7a6f-08f6-4859-9f46-a9b52125403f}" celllabelposition="Top" columns="111" labelwidth="115" celllabelalignment="Left">
                <rows>
                  <row>
                    <cell id="{9e49cdb2-446b-4a10-b0a0-1b5498424f93}" showlabel="false" labelid="{0ae2340f-90da-48a7-a11a-cc4986e3f0ab}">
                      <labels>
                        <label description="" languagecode="1033" />
                      </labels>
                    </cell>
                    <cell id="{384efe2b-f510-4587-b5c4-5e1246ccbb02}" showlabel="false" labelid="{2a0ad187-4b43-4d37-9da4-becddb6eb5d4}">
                      <labels>
                        <label description="" languagecode="1033" />
                      </labels>
                    </cell>
                    <cell id="{44b34373-73e8-4d8c-b957-41307306b705}" showlabel="false" labelid="{4ab2af3d-66cc-4948-bdb6-7a4d4fad716a}">
                      <labels>
                        <label description="" languagecode="1033" />
                      </labels>
                    </cell>
                    <cell id="{0a7d0286-37c8-454a-96d0-dd241e074d52}" locklevel="0" colspan="1" rowspan="1" labelid="{54e085d8-1c37-467d-b534-b9710517118f}">
                      <labels>
                        <label description="Personnel Adjudication" languagecode="1033" />
                      </labels>
                      <control id="header_govcdm_personneladjudication" classid="{270BD3DB-D9AF-4782-9025-509E298DEC0A}" datafieldname="govcdm_personneladjudication" disabled="false" />
                    </cell>
                  </row>
                </rows>
              </header>
              <footer id="{6081908b-2b78-4c83-8dd3-495a6f46f688}" celllabelposition="Top" columns="111" labelwidth="115" celllabelalignment="Left">
                <rows>
                  <row>
                    <cell id="{d91d350a-5bfb-4636-8ce7-071df9770710}" showlabel="false" labelid="{39f1bffe-fb1c-45ba-b3d0-07bfa30eb358}">
                      <labels>
                        <label description="" languagecode="1033" />
                      </labels>
                    </cell>
                    <cell id="{214ccd5c-88ec-4cf8-a4e5-60fe38ce0d57}" showlabel="false" labelid="{405e83f8-1feb-4ed3-ab3c-18ea547d82c5}">
                      <labels>
                        <label description="" languagecode="1033" />
                      </labels>
                    </cell>
                    <cell id="{05ec9c87-9fc5-4012-bc9a-e425a8dea643}" showlabel="false" labelid="{3045ebba-0897-4aa2-aa7e-eeb73653168c}">
                      <labels>
                        <label description="" languagecode="1033" />
                      </labels>
                    </cell>
                  </row>
                </rows>
              </footer>
              <DisplayConditions Order="1" FallbackForm="true">
                <Role Id="{627090ff-40a3-4053-8790-584edc5be201}" />
                <Role Id="{119f245c-3cc8-4b62-b31c-d1a046ced15d}" />
              </DisplayConditions>
            </form>
            <IsCustomizable>1</IsCustomizable>
            <CanBeDeleted>1</CanBeDeleted>
            <LocalizedNames>
              <LocalizedName description="Main" languagecode="1033" />
            </LocalizedNames>
            <Descriptions>
              <Description description="A form for this entity." languagecode="1033" />
            </Descriptions>
          </systemform>
        </forms>
      </FormXml>
      <RibbonDiffXml>
        <CustomActions />
        <Templates>
          <RibbonTemplates Id="Mscrm.Templates"></RibbonTemplates>
        </Templates>
        <CommandDefinitions />
        <RuleDefinitions>
          <TabDisplayRules />
          <DisplayRules />
          <EnableRules />
        </RuleDefinitions>
        <LocLabels />
      </RibbonDiffXml>
    </Entity>
    <Entity>
      <Name LocalizedName="Personnel Badge Request" OriginalName="Personnel Badge Request">govcdm_PersonnelBadgeRequest</Name>
      <FormXml>
        <forms type="main">
          <systemform>
            <formid>{d7fa7e35-4cf1-ee11-904b-000d3a8cbc95}</formid>
            <IntroducedVersion>1.0</IntroducedVersion>
            <FormPresentation>1</FormPresentation>
            <FormActivationState>1</FormActivationState>
            <form headerdensity="HighWithControls">
              <tabs>
                <tab verticallayout="true" id="{1cdb182a-2dec-4d44-8ee6-d17191e1fca4}" IsUserDefined="1" labelid="{df424788-bd06-4ecd-9be3-ef7359dff516}">
                  <labels>
                    <label description="General" languagecode="1033" />
                  </labels>
                  <columns>
                    <column width="100%">
                      <sections>
                        <section showlabel="false" showbar="false" IsUserDefined="0" id="{145d3871-9361-4029-acb6-5b97d08b8162}" labelid="{ffd44a2c-5bb9-4a57-9417-e6bb9ff41951}">
                          <labels>
                            <label description="General" languagecode="1033" />
                          </labels>
                          <rows>
                            <row>
                              <cell id="{0ebc290b-dcf7-4c68-94ad-6e70e9d172ec}" labelid="{c0235d9f-35f3-4d69-aede-b9d7bf87842d}">
                                <labels>
                                  <label description="Name" languagecode="1033" />
                                </labels>
                                <control id="govcdm_name" classid="{4273EDBD-AC1D-40d3-9FB2-095C621B552D}" datafieldname="govcdm_name" />
                              </cell>
                            </row>
                            <row>
                              <cell id="{91713aad-2c59-4735-add2-c370e325898d}" labelid="{feb4fb2e-3660-4a28-ae8d-c48450a12d6f}">
                                <labels>
                                  <label description="Owner" languagecode="1033" />
                                </labels>
                                <control id="ownerid" classid="{270BD3DB-D9AF-4782-9025-509E298DEC0A}" datafieldname="ownerid" />
                              </cell>
                            </row>
                          </rows>
                        </section>
                      </sections>
                    </column>
                  </columns>
                </tab>
              </tabs>
              <header id="{f7500550-01fd-4250-b7b8-81fb3afd5048}" celllabelposition="Top" columns="111" labelwidth="115" celllabelalignment="Left">
                <rows>
                  <row>
                    <cell id="{dd467210-fcb8-443c-8034-831b319efb12}" showlabel="false" labelid="{ff1c6ac5-4fcc-4fa0-b6be-2588376caa9f}">
                      <labels>
                        <label description="" languagecode="1033" />
                      </labels>
                    </cell>
                    <cell id="{9a40d53a-b060-4a1e-b540-92c52cf99025}" showlabel="false" labelid="{62356627-02ef-4d78-bdc2-b1755999fd91}">
                      <labels>
                        <label description="" languagecode="1033" />
                      </labels>
                    </cell>
                    <cell id="{352f2091-7d1e-468c-b742-a00035116fe8}" showlabel="false" labelid="{33ff1ad5-bd6e-4da2-8f82-5e24811bae21}">
                      <labels>
                        <label description="" languagecode="1033" />
                      </labels>
                    </cell>
                  </row>
                </rows>
              </header>
              <footer id="{5a4df5fe-47de-4bce-9c1e-f041b0596ed8}" celllabelposition="Top" columns="111" labelwidth="115" celllabelalignment="Left">
                <rows>
                  <row>
                    <cell id="{6665fac5-72cb-4d4d-bcf2-df418635d485}" showlabel="false" labelid="{5c6c318f-e6ce-473f-b9f0-cea88d8d1805}">
                      <labels>
                        <label description="" languagecode="1033" />
                      </labels>
                    </cell>
                    <cell id="{d20f013a-8136-4a8b-8a35-5b4e9c759d86}" showlabel="false" labelid="{536fe883-66bf-43f6-9f06-92573ae64ea7}">
                      <labels>
                        <label description="" languagecode="1033" />
                      </labels>
                    </cell>
                    <cell id="{95d0e96e-6e7f-4a04-a65d-fba1ab2532e5}" showlabel="false" labelid="{046a7269-8be9-49c8-95a6-8a9407391173}">
                      <labels>
                        <label description="" languagecode="1033" />
                      </labels>
                    </cell>
                  </row>
                </rows>
              </footer>
              <DisplayConditions Order="1" FallbackForm="true">
                <Role Id="{627090ff-40a3-4053-8790-584edc5be201}" />
                <Role Id="{119f245c-3cc8-4b62-b31c-d1a046ced15d}" />
              </DisplayConditions>
            </form>
            <IsCustomizable>1</IsCustomizable>
            <CanBeDeleted>1</CanBeDeleted>
            <LocalizedNames>
              <LocalizedName description="Main" languagecode="1033" />
            </LocalizedNames>
            <Descriptions>
              <Description description="A form for this entity." languagecode="1033" />
            </Descriptions>
          </systemform>
        </forms>
      </FormXml>
      <RibbonDiffXml>
        <CustomActions />
        <Templates>
          <RibbonTemplates Id="Mscrm.Templates"></RibbonTemplates>
        </Templates>
        <CommandDefinitions />
        <RuleDefinitions>
          <TabDisplayRules />
          <DisplayRules />
          <EnableRules />
        </RuleDefinitions>
        <LocLabels />
      </RibbonDiffXml>
    </Entity>
    <Entity>
      <Name LocalizedName="Personnel Foreign Contact" OriginalName="Personnel Foreign Contact">govcdm_PersonnelForeignContact</Name>
      <FormXml>
        <forms type="main">
          <systemform>
            <formid>{e9e7385a-bff1-ee11-904b-000d3a8cbc95}</formid>
            <IntroducedVersion>1.0</IntroducedVersion>
            <FormPresentation>1</FormPresentation>
            <FormActivationState>1</FormActivationState>
            <form headerdensity="HighWithControls">
              <tabs>
                <tab verticallayout="true" id="{1fb3e502-419c-40a1-ab8e-6d2f0e233a49}" IsUserDefined="1" labelid="{f45a01f5-37af-4874-b9fb-328827d7f7e6}">
                  <labels>
                    <label description="General" languagecode="1033" />
                  </labels>
                  <columns>
                    <column width="100%">
                      <sections>
                        <section showlabel="false" showbar="false" IsUserDefined="0" id="{071d77e2-d747-4a89-8463-ce6b06cc8617}" labelid="{82da42cb-3360-47b0-aea3-6e5185555b15}">
                          <labels>
                            <label description="General" languagecode="1033" />
                          </labels>
                          <rows>
                            <row>
                              <cell id="{cd6620a0-a67a-4457-a257-1503e4cfe471}" labelid="{c73230e8-3aaa-43c4-b168-bbfeb1076b51}">
                                <labels>
                                  <label description="Name" languagecode="1033" />
                                </labels>
                                <control id="govcdm_name" classid="{4273EDBD-AC1D-40d3-9FB2-095C621B552D}" datafieldname="govcdm_name" />
                              </cell>
                            </row>
                            <row>
                              <cell id="{2841ab45-bf54-488e-96b1-153734146b06}" labelid="{ec4a4482-20d5-4731-b386-9bf69b5f4886}">
                                <labels>
                                  <label description="Owner" languagecode="1033" />
                                </labels>
                                <control id="ownerid" classid="{270BD3DB-D9AF-4782-9025-509E298DEC0A}" datafieldname="ownerid" />
                              </cell>
                            </row>
                          </rows>
                        </section>
                      </sections>
                    </column>
                  </columns>
                </tab>
              </tabs>
              <header id="{cef827fd-046f-4c42-b473-745bd77e5e79}" celllabelposition="Top" columns="111" labelwidth="115" celllabelalignment="Left">
                <rows>
                  <row>
                    <cell id="{006890fa-2d82-4576-abcd-5cbf594602ec}" showlabel="false" labelid="{e341440c-f48a-4a54-8f53-dfa9699f768c}">
                      <labels>
                        <label description="" languagecode="1033" />
                      </labels>
                    </cell>
                    <cell id="{2f2ef9f6-c1cb-414c-a18a-5e01b4f48729}" showlabel="false" labelid="{d05756ba-0ab1-4825-86b9-8f0068e2501b}">
                      <labels>
                        <label description="" languagecode="1033" />
                      </labels>
                    </cell>
                    <cell id="{0a129d43-e4f1-43b8-b368-828f0ba9ceef}" showlabel="false" labelid="{ce4d9ee2-97a5-417e-8c12-4f31aeb23b2b}">
                      <labels>
                        <label description="" languagecode="1033" />
                      </labels>
                    </cell>
                  </row>
                </rows>
              </header>
              <footer id="{a4736b1c-0ef5-4fe2-a5d0-0729c6e028e8}" celllabelposition="Top" columns="111" labelwidth="115" celllabelalignment="Left">
                <rows>
                  <row>
                    <cell id="{d41d225c-5273-44b5-af0f-d4c951d63e72}" showlabel="false" labelid="{29d71888-1d79-4120-b1d9-063cc0cbeb0c}">
                      <labels>
                        <label description="" languagecode="1033" />
                      </labels>
                    </cell>
                    <cell id="{7f774413-bffa-456d-ad3b-160910438851}" showlabel="false" labelid="{56a8f831-e66b-4f09-9682-5557d86131e4}">
                      <labels>
                        <label description="" languagecode="1033" />
                      </labels>
                    </cell>
                    <cell id="{a3cd8ce4-2ec4-48a9-9201-42ffa84e6ee8}" showlabel="false" labelid="{d9ae5f14-a27c-4976-b759-c19e0e375861}">
                      <labels>
                        <label description="" languagecode="1033" />
                      </labels>
                    </cell>
                  </row>
                </rows>
              </footer>
              <DisplayConditions Order="1" FallbackForm="true">
                <Role Id="{627090ff-40a3-4053-8790-584edc5be201}" />
                <Role Id="{119f245c-3cc8-4b62-b31c-d1a046ced15d}" />
              </DisplayConditions>
            </form>
            <IsCustomizable>1</IsCustomizable>
            <CanBeDeleted>1</CanBeDeleted>
            <LocalizedNames>
              <LocalizedName description="Main" languagecode="1033" />
            </LocalizedNames>
            <Descriptions>
              <Description description="A form for this entity." languagecode="1033" />
            </Descriptions>
          </systemform>
        </forms>
      </FormXml>
      <RibbonDiffXml>
        <CustomActions />
        <Templates>
          <RibbonTemplates Id="Mscrm.Templates"></RibbonTemplates>
        </Templates>
        <CommandDefinitions />
        <RuleDefinitions>
          <TabDisplayRules />
          <DisplayRules />
          <EnableRules />
        </RuleDefinitions>
        <LocLabels />
      </RibbonDiffXml>
    </Entity>
    <Entity>
      <Name LocalizedName="Personnel Foreign Travel" OriginalName="Personnel Foreign Travel">govcdm_PersonnelForeignTravel</Name>
      <FormXml>
        <forms type="main">
          <systemform>
            <formid>{761a4198-bff1-ee11-904b-000d3a8cbc95}</formid>
            <IntroducedVersion>1.0</IntroducedVersion>
            <FormPresentation>1</FormPresentation>
            <FormActivationState>1</FormActivationState>
            <form headerdensity="HighWithControls">
              <tabs>
                <tab verticallayout="true" id="{c38e04d1-302b-4bbe-8083-c61b55bee9e4}" IsUserDefined="1" labelid="{7fd432c9-814b-4426-9169-b0a775b2c644}">
                  <labels>
                    <label description="General" languagecode="1033" />
                  </labels>
                  <columns>
                    <column width="100%">
                      <sections>
                        <section showlabel="false" showbar="false" IsUserDefined="0" id="{1bcb8061-a78c-4c65-b47e-0296f3b6813b}" labelid="{62d7f44c-e959-4167-b091-a25c4efac260}">
                          <labels>
                            <label description="General" languagecode="1033" />
                          </labels>
                          <rows>
                            <row>
                              <cell id="{01f55260-e634-44fc-b485-137b29ce8fc5}" labelid="{27c925ad-9148-4b0e-96a2-6225e40c03e4}">
                                <labels>
                                  <label description="Name" languagecode="1033" />
                                </labels>
                                <control id="govcdm_name" classid="{4273EDBD-AC1D-40d3-9FB2-095C621B552D}" datafieldname="govcdm_name" />
                              </cell>
                            </row>
                            <row>
                              <cell id="{a49f198e-750b-4eab-9713-373bcb749fb8}" labelid="{324c6416-7b3e-4e75-99e5-311ececa7318}">
                                <labels>
                                  <label description="Owner" languagecode="1033" />
                                </labels>
                                <control id="ownerid" classid="{270BD3DB-D9AF-4782-9025-509E298DEC0A}" datafieldname="ownerid" />
                              </cell>
                            </row>
                          </rows>
                        </section>
                      </sections>
                    </column>
                  </columns>
                </tab>
              </tabs>
              <header id="{1295afe5-4440-4345-9be1-ee0d84e26b9a}" celllabelposition="Top" columns="111" labelwidth="115" celllabelalignment="Left">
                <rows>
                  <row>
                    <cell id="{6da0205a-d294-44ca-b48e-9640b87ddd9c}" showlabel="false" labelid="{6848e89f-acfc-4b5b-8f38-989eed740964}">
                      <labels>
                        <label description="" languagecode="1033" />
                      </labels>
                    </cell>
                    <cell id="{6d8ce888-086e-480a-8c24-b80cd18df150}" showlabel="false" labelid="{806a3a3e-41bf-4c89-9067-2f3307e5c210}">
                      <labels>
                        <label description="" languagecode="1033" />
                      </labels>
                    </cell>
                    <cell id="{bf77e68a-f0cf-4055-94dd-cf32d1cca392}" showlabel="false" labelid="{2e78fef2-cc25-4a25-9290-95025042ec7c}">
                      <labels>
                        <label description="" languagecode="1033" />
                      </labels>
                    </cell>
                  </row>
                </rows>
              </header>
              <footer id="{5c7de94c-ae09-45c3-9e45-7d86566fee29}" celllabelposition="Top" columns="111" labelwidth="115" celllabelalignment="Left">
                <rows>
                  <row>
                    <cell id="{1273d15b-42a5-4233-9b60-2b2752ac98f3}" showlabel="false" labelid="{078de2c4-4e89-49bc-aa1f-39c093a52c17}">
                      <labels>
                        <label description="" languagecode="1033" />
                      </labels>
                    </cell>
                    <cell id="{4cf8d030-5ebf-4a41-b7c9-bfc7d8d6472e}" showlabel="false" labelid="{694e9a95-9da7-4d02-ae98-043dc3f4be16}">
                      <labels>
                        <label description="" languagecode="1033" />
                      </labels>
                    </cell>
                    <cell id="{995802f2-4ff7-4d77-86da-9fd0f4e6d505}" showlabel="false" labelid="{63cbcb6b-9ad2-40e2-901c-8c982734101a}">
                      <labels>
                        <label description="" languagecode="1033" />
                      </labels>
                    </cell>
                  </row>
                </rows>
              </footer>
              <DisplayConditions Order="1" FallbackForm="true">
                <Role Id="{627090ff-40a3-4053-8790-584edc5be201}" />
                <Role Id="{119f245c-3cc8-4b62-b31c-d1a046ced15d}" />
              </DisplayConditions>
            </form>
            <IsCustomizable>1</IsCustomizable>
            <CanBeDeleted>1</CanBeDeleted>
            <LocalizedNames>
              <LocalizedName description="Main" languagecode="1033" />
            </LocalizedNames>
            <Descriptions>
              <Description description="A form for this entity." languagecode="1033" />
            </Descriptions>
          </systemform>
        </forms>
      </FormXml>
      <RibbonDiffXml>
        <CustomActions />
        <Templates>
          <RibbonTemplates Id="Mscrm.Templates"></RibbonTemplates>
        </Templates>
        <CommandDefinitions />
        <RuleDefinitions>
          <TabDisplayRules />
          <DisplayRules />
          <EnableRules />
        </RuleDefinitions>
        <LocLabels />
      </RibbonDiffXml>
    </Entity>
    <Entity>
      <Name LocalizedName="Personnel Passport" OriginalName="Personnel Passport">govcdm_PersonnelPassport</Name>
      <FormXml>
        <forms type="main">
          <systemform>
            <formid>{051eac62-c3f1-ee11-904b-000d3a8cbc95}</formid>
            <IntroducedVersion>1.0</IntroducedVersion>
            <FormPresentation>1</FormPresentation>
            <FormActivationState>1</FormActivationState>
            <form headerdensity="HighWithControls">
              <tabs>
                <tab verticallayout="true" id="{e7f3f822-9c2b-4240-a3f6-001dc39386b4}" IsUserDefined="1" labelid="{eb2d939c-47a8-427b-b0e6-740652970f16}">
                  <labels>
                    <label description="General" languagecode="1033" />
                  </labels>
                  <columns>
                    <column width="100%">
                      <sections>
                        <section showlabel="false" showbar="false" IsUserDefined="0" id="{5bd5a141-5d56-4f00-8be6-492fbb01406c}" labelid="{4bd7a085-00e9-4b9c-8790-7ffbf3e6c340}">
                          <labels>
                            <label description="General" languagecode="1033" />
                          </labels>
                          <rows>
                            <row>
                              <cell id="{6f4a0b1e-f8c4-463d-ade6-f4c9294712ee}" labelid="{a9c4cf26-8817-4685-82e7-9ed9aaa05238}">
                                <labels>
                                  <label description="Name" languagecode="1033" />
                                </labels>
                                <control id="govcdm_name" classid="{4273EDBD-AC1D-40d3-9FB2-095C621B552D}" datafieldname="govcdm_name" />
                              </cell>
                            </row>
                            <row>
                              <cell id="{b5777923-54ac-41b7-b206-3fa42b06e85e}" labelid="{5ed3b71d-73f1-4534-bdad-9b6cccbb5dbb}">
                                <labels>
                                  <label description="Owner" languagecode="1033" />
                                </labels>
                                <control id="ownerid" classid="{270BD3DB-D9AF-4782-9025-509E298DEC0A}" datafieldname="ownerid" />
                              </cell>
                            </row>
                          </rows>
                        </section>
                      </sections>
                    </column>
                  </columns>
                </tab>
              </tabs>
              <header id="{fcebff43-ee97-40b3-9737-9e966880b0a4}" celllabelposition="Top" columns="111" labelwidth="115" celllabelalignment="Left">
                <rows>
                  <row>
                    <cell id="{0bd00be8-1ac7-46df-bc60-9af2901c8a50}" showlabel="false" labelid="{d97b25d0-fe93-405d-900d-c714f97c9232}">
                      <labels>
                        <label description="" languagecode="1033" />
                      </labels>
                    </cell>
                    <cell id="{235f3baf-8220-4443-b9cf-3c56a46054d7}" showlabel="false" labelid="{fbba830e-9eee-48f6-8739-3dbd1689b162}">
                      <labels>
                        <label description="" languagecode="1033" />
                      </labels>
                    </cell>
                    <cell id="{ef767b08-e0bf-4969-8973-ff45be4ce856}" showlabel="false" labelid="{c69908d0-31aa-41d6-8424-65c74c99f818}">
                      <labels>
                        <label description="" languagecode="1033" />
                      </labels>
                    </cell>
                  </row>
                </rows>
              </header>
              <footer id="{474cf15b-c696-4988-87da-2219221c6465}" celllabelposition="Top" columns="111" labelwidth="115" celllabelalignment="Left">
                <rows>
                  <row>
                    <cell id="{2f581073-b027-4d5c-8db7-06e7b3b7e91a}" showlabel="false" labelid="{cb8e84ef-a4bb-4305-bc3a-ced732960f2e}">
                      <labels>
                        <label description="" languagecode="1033" />
                      </labels>
                    </cell>
                    <cell id="{9ca8bf54-d786-4517-b697-e971c3928cfd}" showlabel="false" labelid="{9a64aa26-432c-4b33-a34b-6d4f2de96cfc}">
                      <labels>
                        <label description="" languagecode="1033" />
                      </labels>
                    </cell>
                    <cell id="{7d2d2388-b796-4b64-ab22-298ae1502ae6}" showlabel="false" labelid="{e2f7c34e-dad8-402c-b337-59e098cd82f4}">
                      <labels>
                        <label description="" languagecode="1033" />
                      </labels>
                    </cell>
                  </row>
                </rows>
              </footer>
              <DisplayConditions Order="1" FallbackForm="true">
                <Role Id="{627090ff-40a3-4053-8790-584edc5be201}" />
                <Role Id="{119f245c-3cc8-4b62-b31c-d1a046ced15d}" />
              </DisplayConditions>
            </form>
            <IsCustomizable>1</IsCustomizable>
            <CanBeDeleted>1</CanBeDeleted>
            <LocalizedNames>
              <LocalizedName description="Main" languagecode="1033" />
            </LocalizedNames>
            <Descriptions>
              <Description description="A form for this entity." languagecode="1033" />
            </Descriptions>
          </systemform>
        </forms>
      </FormXml>
      <RibbonDiffXml>
        <CustomActions />
        <Templates>
          <RibbonTemplates Id="Mscrm.Templates"></RibbonTemplates>
        </Templates>
        <CommandDefinitions />
        <RuleDefinitions>
          <TabDisplayRules />
          <DisplayRules />
          <EnableRules />
        </RuleDefinitions>
        <LocLabels />
      </RibbonDiffXml>
    </Entity>
    <Entity>
      <Name LocalizedName="Personnel Reportable Life Event" OriginalName="Personnel Reportable Life Event">govcdm_PersonnelReportableLifeEvent</Name>
      <FormXml>
        <forms type="main">
          <systemform>
            <formid>{6a42a8ba-c3f1-ee11-904b-000d3a8cbc95}</formid>
            <IntroducedVersion>1.0</IntroducedVersion>
            <FormPresentation>1</FormPresentation>
            <FormActivationState>1</FormActivationState>
            <form headerdensity="HighWithControls">
              <tabs>
                <tab verticallayout="true" id="{7f31caec-f651-45f1-a087-3ecf039619b4}" IsUserDefined="1" labelid="{20b8e5d8-b218-4d52-90c8-8dafc16aefd5}">
                  <labels>
                    <label description="General" languagecode="1033" />
                  </labels>
                  <columns>
                    <column width="100%">
                      <sections>
                        <section showlabel="false" showbar="false" IsUserDefined="0" id="{4ea1984e-4eb1-4161-8a6c-7e6d5c1f4646}" labelid="{64f8a718-6482-4518-ab4c-82d04c9064f9}">
                          <labels>
                            <label description="General" languagecode="1033" />
                          </labels>
                          <rows>
                            <row>
                              <cell id="{e713eb3f-4da2-4b62-8fef-2816fb5643dc}" labelid="{d98c25c0-5792-4199-88ae-9c66602e8ae7}">
                                <labels>
                                  <label description="Name" languagecode="1033" />
                                </labels>
                                <control id="govcdm_name" classid="{4273EDBD-AC1D-40d3-9FB2-095C621B552D}" datafieldname="govcdm_name" />
                              </cell>
                            </row>
                            <row>
                              <cell id="{7962c49d-771b-48ae-9e99-308211a83707}" labelid="{9d91dcc1-2884-4845-971c-99691760b508}">
                                <labels>
                                  <label description="Owner" languagecode="1033" />
                                </labels>
                                <control id="ownerid" classid="{270BD3DB-D9AF-4782-9025-509E298DEC0A}" datafieldname="ownerid" />
                              </cell>
                            </row>
                          </rows>
                        </section>
                      </sections>
                    </column>
                  </columns>
                </tab>
              </tabs>
              <header id="{2ebe026b-a65b-42cd-bcd9-87c0ef906f21}" celllabelposition="Top" columns="111" labelwidth="115" celllabelalignment="Left">
                <rows>
                  <row>
                    <cell id="{01483820-4fbf-4915-b441-a0218e428bc5}" showlabel="false" labelid="{700ec1de-b5a1-480c-9f20-25c802dcd7a3}">
                      <labels>
                        <label description="" languagecode="1033" />
                      </labels>
                    </cell>
                    <cell id="{a54a9562-6279-4095-b306-221517b43b68}" showlabel="false" labelid="{2e2bc761-7de2-4ee2-827d-a1613a302321}">
                      <labels>
                        <label description="" languagecode="1033" />
                      </labels>
                    </cell>
                    <cell id="{a6bef5ff-39ef-470a-9425-02a6c07c6875}" showlabel="false" labelid="{c866d1d5-af9f-44f3-8683-de887c73e805}">
                      <labels>
                        <label description="" languagecode="1033" />
                      </labels>
                    </cell>
                  </row>
                </rows>
              </header>
              <footer id="{9497be88-4225-4fcc-9f78-6ee817a88ca9}" celllabelposition="Top" columns="111" labelwidth="115" celllabelalignment="Left">
                <rows>
                  <row>
                    <cell id="{e77900fc-6d3a-44fd-a490-509d0401f44c}" showlabel="false" labelid="{2997233d-c2d3-4500-afae-4e94fe168e38}">
                      <labels>
                        <label description="" languagecode="1033" />
                      </labels>
                    </cell>
                    <cell id="{f09d59e0-7454-47d7-852f-7c0f0467019c}" showlabel="false" labelid="{5f13f860-fbc8-4c14-b24a-d396f373aa47}">
                      <labels>
                        <label description="" languagecode="1033" />
                      </labels>
                    </cell>
                    <cell id="{2bccf07e-683c-41f7-b08d-74216838521f}" showlabel="false" labelid="{32b741e4-c519-472c-9d26-c2a0f8d9ddfd}">
                      <labels>
                        <label description="" languagecode="1033" />
                      </labels>
                    </cell>
                  </row>
                </rows>
              </footer>
              <DisplayConditions Order="1" FallbackForm="true">
                <Role Id="{627090ff-40a3-4053-8790-584edc5be201}" />
                <Role Id="{119f245c-3cc8-4b62-b31c-d1a046ced15d}" />
              </DisplayConditions>
            </form>
            <IsCustomizable>1</IsCustomizable>
            <CanBeDeleted>1</CanBeDeleted>
            <LocalizedNames>
              <LocalizedName description="Main" languagecode="1033" />
            </LocalizedNames>
            <Descriptions>
              <Description description="A form for this entity." languagecode="1033" />
            </Descriptions>
          </systemform>
        </forms>
      </FormXml>
      <RibbonDiffXml>
        <CustomActions />
        <Templates>
          <RibbonTemplates Id="Mscrm.Templates"></RibbonTemplates>
        </Templates>
        <CommandDefinitions />
        <RuleDefinitions>
          <TabDisplayRules />
          <DisplayRules />
          <EnableRules />
        </RuleDefinitions>
        <LocLabels />
      </RibbonDiffXml>
    </Entity>
    <Entity>
      <Name LocalizedName="Personnel Visitor Request" OriginalName="Personnel Visitor Request">govcdm_PersonnelVisitorRequest</Name>
      <FormXml>
        <forms type="main">
          <systemform>
            <formid>{91b548db-c3f1-ee11-904b-000d3a8cbc95}</formid>
            <IntroducedVersion>1.0</IntroducedVersion>
            <FormPresentation>1</FormPresentation>
            <FormActivationState>1</FormActivationState>
            <form headerdensity="HighWithControls">
              <tabs>
                <tab verticallayout="true" id="{3b9a9022-d115-477f-8a94-e158d3fc0844}" IsUserDefined="1" labelid="{93ca259b-6743-4f06-bb3f-1e5d98e5e5ef}">
                  <labels>
                    <label description="General" languagecode="1033" />
                  </labels>
                  <columns>
                    <column width="100%">
                      <sections>
                        <section showlabel="false" showbar="false" IsUserDefined="0" id="{2f36e72b-6167-4755-a376-de94ef9983d0}" labelid="{87cb2633-7226-4dc3-a59e-7b3dfd8b0634}">
                          <labels>
                            <label description="General" languagecode="1033" />
                          </labels>
                          <rows>
                            <row>
                              <cell id="{e07fe2a0-9dcf-457f-83d0-c4155e8ad6f6}" labelid="{34e884fd-a64a-4536-a24b-51af11ddff3e}">
                                <labels>
                                  <label description="Name" languagecode="1033" />
                                </labels>
                                <control id="govcdm_name" classid="{4273EDBD-AC1D-40d3-9FB2-095C621B552D}" datafieldname="govcdm_name" />
                              </cell>
                            </row>
                            <row>
                              <cell id="{e1dcf206-4669-49ca-a013-bfe19cadae27}" labelid="{56148de4-bc26-49ef-b22c-675c1e554a8f}">
                                <labels>
                                  <label description="Owner" languagecode="1033" />
                                </labels>
                                <control id="ownerid" classid="{270BD3DB-D9AF-4782-9025-509E298DEC0A}" datafieldname="ownerid" />
                              </cell>
                            </row>
                          </rows>
                        </section>
                      </sections>
                    </column>
                  </columns>
                </tab>
              </tabs>
              <header id="{3e91f25b-1500-46bf-a2dc-10b9954cfb28}" celllabelposition="Top" columns="111" labelwidth="115" celllabelalignment="Left">
                <rows>
                  <row>
                    <cell id="{cd89d39f-4f76-449d-bb63-d3ca7ad2ab73}" showlabel="false" labelid="{e344c513-9815-4f68-b1d2-a0d0446f98e7}">
                      <labels>
                        <label description="" languagecode="1033" />
                      </labels>
                    </cell>
                    <cell id="{1459bc98-49a7-44dd-8b1e-6bb2f693fe92}" showlabel="false" labelid="{3653604b-ec69-4b42-8bb5-4120b09b1e02}">
                      <labels>
                        <label description="" languagecode="1033" />
                      </labels>
                    </cell>
                    <cell id="{7b59cbb9-8b1b-4d55-8832-596841a8115c}" showlabel="false" labelid="{5c08c4f9-3527-4969-b860-905b4182335a}">
                      <labels>
                        <label description="" languagecode="1033" />
                      </labels>
                    </cell>
                  </row>
                </rows>
              </header>
              <footer id="{08181186-4e4c-4baa-b7cc-6f97699be15d}" celllabelposition="Top" columns="111" labelwidth="115" celllabelalignment="Left">
                <rows>
                  <row>
                    <cell id="{fbc6047d-7e4c-4bc0-99cd-dbd93d21b348}" showlabel="false" labelid="{c69b4732-0b91-41ca-9071-3cee477cc055}">
                      <labels>
                        <label description="" languagecode="1033" />
                      </labels>
                    </cell>
                    <cell id="{440af960-5c19-406a-a718-17314fd7c542}" showlabel="false" labelid="{d880c629-4664-40af-b086-3880a072b7c6}">
                      <labels>
                        <label description="" languagecode="1033" />
                      </labels>
                    </cell>
                    <cell id="{ae93fdad-f3f5-470f-8296-b0b5bf93f766}" showlabel="false" labelid="{28122b18-6b2d-4fa8-9537-1975e35b84b3}">
                      <labels>
                        <label description="" languagecode="1033" />
                      </labels>
                    </cell>
                  </row>
                </rows>
              </footer>
              <DisplayConditions Order="1" FallbackForm="true">
                <Role Id="{627090ff-40a3-4053-8790-584edc5be201}" />
                <Role Id="{119f245c-3cc8-4b62-b31c-d1a046ced15d}" />
              </DisplayConditions>
            </form>
            <IsCustomizable>1</IsCustomizable>
            <CanBeDeleted>1</CanBeDeleted>
            <LocalizedNames>
              <LocalizedName description="Main" languagecode="1033" />
            </LocalizedNames>
            <Descriptions>
              <Description description="A form for this entity." languagecode="1033" />
            </Descriptions>
          </systemform>
        </forms>
      </FormXml>
      <RibbonDiffXml>
        <CustomActions />
        <Templates>
          <RibbonTemplates Id="Mscrm.Templates"></RibbonTemplates>
        </Templates>
        <CommandDefinitions />
        <RuleDefinitions>
          <TabDisplayRules />
          <DisplayRules />
          <EnableRules />
        </RuleDefinitions>
        <LocLabels />
      </RibbonDiffXml>
    </Entity>
  </Entities>
  <Roles />
  <Workflows />
  <FieldSecurityProfiles />
  <Templates />
  <EntityMaps />
  <EntityRelationships />
  <OrganizationSettings />
  <optionsets />
  <CustomControls />
  <AppModuleSiteMaps>
    <AppModuleSiteMap>
      <SiteMapUniqueName>msfed_PersonnelSecurity</SiteMapUniqueName>
      <EnableCollapsibleGroups>False</EnableCollapsibleGroups>
      <ShowHome>True</ShowHome>
      <ShowPinned>True</ShowPinned>
      <ShowRecents>True</ShowRecents>
      <SiteMap IntroducedVersion="7.0.0.0">
        <Area Id="area_61782e63" ResourceId="SitemapDesigner.NewTitle" DescriptionResourceId="SitemapDesigner.NewTitle" ShowGroups="true" IntroducedVersion="7.0.0.0">
          <Titles>
            <Title LCID="1033" Title="Area1" />
          </Titles>
          <Group Id="group_77bebfe6" ResourceId="SitemapDesigner.NewGroup" DescriptionResourceId="SitemapDesigner.NewGroup" IntroducedVersion="7.0.0.0" IsProfile="false" ToolTipResourseId="SitemapDesigner.Unknown">
            <Titles>
              <Title LCID="1033" Title="Personnel Security" />
            </Titles>
            <SubArea Id="subarea_f6a04396" Icon="/_imgs/imagestrips/transparent_spacer.gif" Entity="govcdm_personneladjudication" Client="All,Outlook,OutlookLaptopClient,OutlookWorkstationClient,Web" AvailableOffline="true" PassParams="false" Sku="All,OnPremise,Live,SPLA" />
            <SubArea Id="subarea_6ba6f4e6" Icon="/_imgs/imagestrips/transparent_spacer.gif" Entity="govcdm_personnelbackgroundinvestigation" Client="All,Outlook,OutlookLaptopClient,OutlookWorkstationClient,Web" AvailableOffline="true" PassParams="false" Sku="All,OnPremise,Live,SPLA" />
            <SubArea Id="subarea_08708e47" Icon="/_imgs/imagestrips/transparent_spacer.gif" Entity="govcdm_personnelbadgerequest" Client="All,Outlook,OutlookLaptopClient,OutlookWorkstationClient,Web" AvailableOffline="true" PassParams="false" Sku="All,OnPremise,Live,SPLA" />
            <SubArea Id="subarea_61f6b73e" Icon="/_imgs/imagestrips/transparent_spacer.gif" Entity="govcdm_personnelforeigncontact" Client="All,Outlook,OutlookLaptopClient,OutlookWorkstationClient,Web" AvailableOffline="true" PassParams="false" Sku="All,OnPremise,Live,SPLA" />
            <SubArea Id="subarea_1468581b" Icon="/_imgs/imagestrips/transparent_spacer.gif" Entity="govcdm_personnelforeigntravel" Client="All,Outlook,OutlookLaptopClient,OutlookWorkstationClient,Web" AvailableOffline="true" PassParams="false" Sku="All,OnPremise,Live,SPLA" />
            <SubArea Id="subarea_720049cf" Icon="/_imgs/imagestrips/transparent_spacer.gif" Entity="govcdm_personnelpassport" Client="All,Outlook,OutlookLaptopClient,OutlookWorkstationClient,Web" AvailableOffline="true" PassParams="false" Sku="All,OnPremise,Live,SPLA" />
            <SubArea Id="subarea_14fefe29" Icon="/_imgs/imagestrips/transparent_spacer.gif" Entity="govcdm_personnelreportablelifeevent" Client="All,Outlook,OutlookLaptopClient,OutlookWorkstationClient,Web" AvailableOffline="true" PassParams="false" Sku="All,OnPremise,Live,SPLA" />
            <SubArea Id="subarea_a547064f" Icon="/_imgs/imagestrips/transparent_spacer.gif" Entity="govcdm_personnelvisitorrequest" Client="All,Outlook,OutlookLaptopClient,OutlookWorkstationClient,Web" AvailableOffline="true" PassParams="false" Sku="All,OnPremise,Live,SPLA" />
          </Group>
        </Area>
      </SiteMap>
      <LocalizedNames>
        <LocalizedName description="Personnel Security" languagecode="1033" />
      </LocalizedNames>
    </AppModuleSiteMap>
  </AppModuleSiteMaps>
  <AppModules>
    <AppModule>
      <UniqueName>msfed_PersonnelSecurity</UniqueName>
      <IntroducedVersion>1.0</IntroducedVersion>
      <WebResourceId>953b9fac-1e5e-e611-80d6-00155ded156f</WebResourceId>
      <OptimizedFor></OptimizedFor>
      <statecode>0</statecode>
      <statuscode>1</statuscode>
      <FormFactor>1</FormFactor>
      <ClientType>4</ClientType>
      <NavigationType>0</NavigationType>
      <AppModuleComponents>
        <AppModuleComponent type="1" schemaName="govcdm_personneladjudication" />
        <AppModuleComponent type="1" schemaName="govcdm_personnelbackgroundinvestigation" />
        <AppModuleComponent type="1" schemaName="govcdm_personnelbadgerequest" />
        <AppModuleComponent type="1" schemaName="govcdm_personnelforeigncontact" />
        <AppModuleComponent type="1" schemaName="govcdm_personnelforeigntravel" />
        <AppModuleComponent type="1" schemaName="govcdm_personnelpassport" />
        <AppModuleComponent type="1" schemaName="govcdm_personnelreportablelifeevent" />
        <AppModuleComponent type="1" schemaName="govcdm_personnelvisitorrequest" />
        <AppModuleComponent type="60" id="{76ec80ec-4bf1-ee11-904b-000d3a8cbc95}" />
        <AppModuleComponent type="60" id="{77349620-4cf1-ee11-904b-000d3a8cbc95}" />
        <AppModuleComponent type="60" id="{d7fa7e35-4cf1-ee11-904b-000d3a8cbc95}" />
        <AppModuleComponent type="60" id="{e9e7385a-bff1-ee11-904b-000d3a8cbc95}" />
        <AppModuleComponent type="60" id="{761a4198-bff1-ee11-904b-000d3a8cbc95}" />
        <AppModuleComponent type="60" id="{051eac62-c3f1-ee11-904b-000d3a8cbc95}" />
        <AppModuleComponent type="60" id="{6a42a8ba-c3f1-ee11-904b-000d3a8cbc95}" />
        <AppModuleComponent type="60" id="{91b548db-c3f1-ee11-904b-000d3a8cbc95}" />
        <AppModuleComponent type="62" schemaName="msfed_PersonnelSecurity" />
      </AppModuleComponents>
      <AppModuleRoleMaps>
        <Role id="{627090ff-40a3-4053-8790-584edc5be201}" />
        <Role id="{119f245c-3cc8-4b62-b31c-d1a046ced15d}" />
      </AppModuleRoleMaps>
      <LocalizedNames>
        <LocalizedName description="Personnel Security" languagecode="1033" />
      </LocalizedNames>
      <appsettings>
        <appsetting settingdefinitionid.uniquename="AppChannel">
          <iscustomizable>1</iscustomizable>
          <value>1</value>
        </appsetting>
      </appsettings>
    </AppModule>
  </AppModules>
  <EntityDataProviders />
  <Languages>
    <Language>1033</Language>
  </Languages>
</ImportExportXml>