{
  "properties": {
    "connectionReferences": {
      "shared_commondataserviceforapps": {
        "runtimeSource": "embedded",
        "connection": {
          "connectionReferenceLogicalName": "msfed_sharedcommondataserviceforapps_d7f8d"
        },
        "api": {
          "name": "shared_commondataserviceforapps"
        }
      }
    },
    "definition": {
      "$schema": "https://schema.management.azure.com/providers/Microsoft.Logic/schemas/2016-06-01/workflowdefinition.json#",
      "contentVersion": "1.0.0.0",
      "parameters": {
        "$connections": {
          "defaultValue": {},
          "type": "Object"
        },
        "$authentication": {
          "defaultValue": {},
          "type": "SecureObject"
        }
      },
      "triggers": {
        "When_Action_Assignment_Created": {
          "metadata": {
            "operationMetadataId": "a704c420-79c5-485b-9ea3-542981817229"
          },
          "type": "OpenApiConnectionWebhook",
          "inputs": {
            "host": {
              "connectionName": "shared_commondataserviceforapps",
              "operationId": "SubscribeWebhookTrigger",
              "apiId": "/providers/Microsoft.PowerApps/apis/shared_commondataserviceforapps"
            },
            "parameters": {
              "subscriptionRequest/message": 1,
              "subscriptionRequest/entityname": "govcdm_actionassignment",
              "subscriptionRequest/scope": 4,
              "subscriptionRequest/filterexpression": "_govcdm_processstep_value ne null and _govcdm_parentactionassignment_value ne null"
            },
            "authentication": "@parameters('$authentication')"
          }
        }
      },
      "actions": {
        "Create_Child_Actions": {
          "runAfter": {},
          "metadata": {
            "operationMetadataId": "819dc4fc-4c94-4902-84db-ded23cd37605"
          },
          "type": "Workflow",
          "inputs": {
            "host": {
              "workflowReferenceName": "e3acc37f-0d72-ef11-a671-001dd808e57d"
            },
            "body": {
              "text": "@triggerOutputs()?['body/activityid']"
            }
          }
        }
      }
    },
    "templateName": ""
  },
  "schemaVersion": "1.0.0.0"
}