
<entities xmlns:xsd="http://www.w3.org/2001/XMLSchema" xmlns:xsi="http://www.w3.org/2001/XMLSchema-instance" timestamp="2025-06-19T17:22:46.5159784Z">
  <entity name="govcdm_processstep" displayname="Process Step">
    <records>
      <record id="54c4eced-e6f1-ee11-904b-000d3a3276a9">
        <field name="govcdm_processstepid" value="54c4eced-e6f1-ee11-904b-000d3a3276a9" />
        <field name="govcdm_processsteptype" value="166840000" />
        <field name="govcdm_name" value="Collect Personnel Info" />
        <field name="govcdm_parentprocessstep" value="e5a1a713-e7f1-ee11-904b-000d3a3276a9" lookupentity="govcdm_processstep" lookupentityname="HR Admin Setup" />
        <field name="govcdm_processsteporder" value="2" />
        <field name="govcdm_primaryprocessstep" value="87a24b4e-72ec-ee11-904c-0022481df7e6" lookupentity="govcdm_processstep" lookupentityname="HR Onboarding Checklist" />
      </record>
      <record id="818b9400-e7f1-ee11-904b-000d3a3276a9">
        <field name="govcdm_processstepid" value="818b9400-e7f1-ee11-904b-000d3a3276a9" />
        <field name="govcdm_processsteptype" value="166840000" />
        <field name="govcdm_name" value="Setup Payroll" />
        <field name="govcdm_parentprocessstep" value="e5a1a713-e7f1-ee11-904b-000d3a3276a9" lookupentity="govcdm_processstep" lookupentityname="HR Admin Setup" />
        <field name="govcdm_processsteporder" value="3" />
        <field name="govcdm_primaryprocessstep" value="87a24b4e-72ec-ee11-904c-0022481df7e6" lookupentity="govcdm_processstep" lookupentityname="HR Onboarding Checklist" />
      </record>
      <record id="e5a1a713-e7f1-ee11-904b-000d3a3276a9">
        <field name="govcdm_processstepid" value="e5a1a713-e7f1-ee11-904b-000d3a3276a9" />
        <field name="govcdm_processsteptype" value="166840009" />
        <field name="govcdm_name" value="HR Admin Setup" />
        <field name="govcdm_parentprocessstep" value="87a24b4e-72ec-ee11-904c-0022481df7e6" lookupentity="govcdm_processstep" lookupentityname="HR Onboarding Checklist" />
        <field name="govcdm_processsteporder" value="1" />
        <field name="govcdm_primaryprocessstep" value="87a24b4e-72ec-ee11-904c-0022481df7e6" lookupentity="govcdm_processstep" lookupentityname="HR Onboarding Checklist" />
        <field name="govcdm_substepprocessingorder" value="166840000" />
      </record>
      <record id="1b85a42d-e9f1-ee11-904b-000d3a3276a9">
        <field name="govcdm_processstepid" value="1b85a42d-e9f1-ee11-904b-000d3a3276a9" />
        <field name="govcdm_processsteptype" value="166840009" />
        <field name="govcdm_name" value="Training" />
        <field name="govcdm_parentprocessstep" value="87a24b4e-72ec-ee11-904c-0022481df7e6" lookupentity="govcdm_processstep" lookupentityname="HR Onboarding Checklist" />
        <field name="govcdm_processsteporder" value="3" />
        <field name="govcdm_primaryprocessstep" value="87a24b4e-72ec-ee11-904c-0022481df7e6" lookupentity="govcdm_processstep" lookupentityname="HR Onboarding Checklist" />
        <field name="govcdm_substepprocessingorder" value="166840001" />
      </record>
      <record id="9381b1e6-822e-ef11-840a-001dd80278ec">
        <field name="govcdm_details" value="&amp;lt;div class=&amp;quot;ck-content&amp;quot; data-wrapper=&amp;quot;true&amp;quot; dir=&amp;quot;ltr&amp;quot; style=&amp;quot;--ck-image-style-spacing: 1.5em; --ck-inline-image-style-spacing: calc(var(--ck-image-style-spacing) / 2); --ck-color-selector-caption-background: hsl(0, 0%, 97%); --ck-color-selector-caption-text: hsl(0, 0%, 20%); font-family: Segoe UI; font-size: 11pt;&amp;quot;&amp;gt;&amp;lt;p style=&amp;quot;margin: 0;&amp;quot;&amp;gt;Use this process to initiate a single approval action.&amp;lt;/p&amp;gt;&amp;lt;/div&amp;gt;" />
        <field name="govcdm_processstepid" value="9381b1e6-822e-ef11-840a-001dd80278ec" />
        <field name="govcdm_processsteptype" value="166840001" />
        <field name="govcdm_name" value="Simple Approval (Example)" />
        <field name="govcdm_assignto" value="166840005" />
        <field name="govcdm_dataentrystep" value="1a67a532-7e6f-ef11-a671-001dd80278ec" lookupentity="govcdm_dataentrystep" lookupentityname="Person" />
      </record>
      <record id="62a2cd52-3512-ef11-9f89-001dd80278ec">
        <field name="govcdm_processstepid" value="62a2cd52-3512-ef11-9f89-001dd80278ec" />
        <field name="govcdm_processsteptype" value="166840000" />
        <field name="govcdm_name" value="Issue Badge" />
        <field name="govcdm_parentprocessstep" value="e5a1a713-e7f1-ee11-904b-000d3a3276a9" lookupentity="govcdm_processstep" lookupentityname="HR Admin Setup" />
        <field name="govcdm_processsteporder" value="4" />
        <field name="govcdm_primaryprocessstep" value="87a24b4e-72ec-ee11-904c-0022481df7e6" lookupentity="govcdm_processstep" lookupentityname="HR Onboarding Checklist" />
      </record>
      <record id="3820c46a-3512-ef11-9f89-001dd80278ec">
        <field name="govcdm_processstepid" value="3820c46a-3512-ef11-9f89-001dd80278ec" />
        <field name="govcdm_processsteptype" value="166840000" />
        <field name="govcdm_name" value="Complete Online Training" />
        <field name="govcdm_parentprocessstep" value="1b85a42d-e9f1-ee11-904b-000d3a3276a9" lookupentity="govcdm_processstep" lookupentityname="Training" />
        <field name="govcdm_processsteporder" value="2" />
        <field name="govcdm_primaryprocessstep" value="87a24b4e-72ec-ee11-904c-0022481df7e6" lookupentity="govcdm_processstep" lookupentityname="HR Onboarding Checklist" />
      </record>
      <record id="86c5be70-3512-ef11-9f89-001dd80278ec">
        <field name="govcdm_processstepid" value="86c5be70-3512-ef11-9f89-001dd80278ec" />
        <field name="govcdm_processsteptype" value="166840000" />
        <field name="govcdm_name" value="Attend Orientation" />
        <field name="govcdm_parentprocessstep" value="1b85a42d-e9f1-ee11-904b-000d3a3276a9" lookupentity="govcdm_processstep" lookupentityname="Training" />
        <field name="govcdm_processsteporder" value="1" />
        <field name="govcdm_primaryprocessstep" value="87a24b4e-72ec-ee11-904c-0022481df7e6" lookupentity="govcdm_processstep" lookupentityname="HR Onboarding Checklist" />
      </record>
      <record id="bd16b182-3512-ef11-9f89-001dd80278ec">
        <field name="govcdm_processstepid" value="bd16b182-3512-ef11-9f89-001dd80278ec" />
        <field name="govcdm_processsteptype" value="166840009" />
        <field name="govcdm_name" value="IT Setup" />
        <field name="govcdm_parentprocessstep" value="87a24b4e-72ec-ee11-904c-0022481df7e6" lookupentity="govcdm_processstep" lookupentityname="HR Onboarding Checklist" />
        <field name="govcdm_processsteporder" value="2" />
        <field name="govcdm_primaryprocessstep" value="87a24b4e-72ec-ee11-904c-0022481df7e6" lookupentity="govcdm_processstep" lookupentityname="HR Onboarding Checklist" />
        <field name="govcdm_substepprocessingorder" value="166840000" />
      </record>
      <record id="e59aa18e-3512-ef11-9f89-001dd80278ec">
        <field name="govcdm_processstepid" value="e59aa18e-3512-ef11-9f89-001dd80278ec" />
        <field name="govcdm_processsteptype" value="166840000" />
        <field name="govcdm_name" value="Provide Laptop" />
        <field name="govcdm_parentprocessstep" value="bd16b182-3512-ef11-9f89-001dd80278ec" lookupentity="govcdm_processstep" lookupentityname="IT Setup" />
        <field name="govcdm_processsteporder" value="3" />
        <field name="govcdm_primaryprocessstep" value="87a24b4e-72ec-ee11-904c-0022481df7e6" lookupentity="govcdm_processstep" lookupentityname="HR Onboarding Checklist" />
      </record>
      <record id="e7dc9994-3512-ef11-9f89-001dd80278ec">
        <field name="govcdm_processstepid" value="e7dc9994-3512-ef11-9f89-001dd80278ec" />
        <field name="govcdm_processsteptype" value="166840000" />
        <field name="govcdm_name" value="Setup Email" />
        <field name="govcdm_parentprocessstep" value="bd16b182-3512-ef11-9f89-001dd80278ec" lookupentity="govcdm_processstep" lookupentityname="IT Setup" />
        <field name="govcdm_processsteporder" value="2" />
        <field name="govcdm_primaryprocessstep" value="87a24b4e-72ec-ee11-904c-0022481df7e6" lookupentity="govcdm_processstep" lookupentityname="HR Onboarding Checklist" />
      </record>
      <record id="8d608aa0-3512-ef11-9f89-001dd80278ec">
        <field name="govcdm_processstepid" value="8d608aa0-3512-ef11-9f89-001dd80278ec" />
        <field name="govcdm_processsteptype" value="166840000" />
        <field name="govcdm_name" value="Grant System Access" />
        <field name="govcdm_parentprocessstep" value="bd16b182-3512-ef11-9f89-001dd80278ec" lookupentity="govcdm_processstep" lookupentityname="IT Setup" />
        <field name="govcdm_processsteporder" value="1" />
        <field name="govcdm_primaryprocessstep" value="87a24b4e-72ec-ee11-904c-0022481df7e6" lookupentity="govcdm_processstep" lookupentityname="HR Onboarding Checklist" />
      </record>
      <record id="f5d9f36f-476e-ef11-a671-001dd808e57d">
        <field name="govcdm_details" value="&amp;lt;div class=&amp;quot;ck-content&amp;quot; data-wrapper=&amp;quot;true&amp;quot; dir=&amp;quot;ltr&amp;quot; style=&amp;quot;--ck-image-style-spacing: 1.5em; --ck-inline-image-style-spacing: calc(var(--ck-image-style-spacing) / 2); --ck-color-selector-caption-background: hsl(0, 0%, 97%); --ck-color-selector-caption-text: hsl(0, 0%, 20%); font-family: Segoe UI; font-size: 11pt;&amp;quot;&amp;gt;&amp;lt;p style=&amp;quot;margin: 0; text-align: start;&amp;quot; dir=&amp;quot;ltr&amp;quot;&amp;gt;Use this multi-step approval process for scenarios where each approval must be completed in order.&amp;lt;/p&amp;gt;&amp;lt;/div&amp;gt;" />
        <field name="govcdm_processstepid" value="f5d9f36f-476e-ef11-a671-001dd808e57d" />
        <field name="govcdm_processsteptype" value="166840009" />
        <field name="govcdm_name" value="Multi-Step Approval (Example)" />
        <field name="govcdm_dataentrystep" value="1a67a532-7e6f-ef11-a671-001dd80278ec" lookupentity="govcdm_dataentrystep" lookupentityname="Person" />
        <field name="govcdm_substepprocessingorder" value="166840000" />
      </record>
      <record id="ea8220a6-476e-ef11-a671-001dd808e57d">
        <field name="govcdm_details" value="&amp;lt;div class=&amp;quot;ck-content&amp;quot; data-wrapper=&amp;quot;true&amp;quot; dir=&amp;quot;ltr&amp;quot; style=&amp;quot;--ck-image-style-spacing: 1.5em; --ck-inline-image-style-spacing: calc(var(--ck-image-style-spacing) / 2); --ck-color-selector-caption-background: hsl(0, 0%, 97%); --ck-color-selector-caption-text: hsl(0, 0%, 20%); font-family: Segoe UI; font-size: 11pt;&amp;quot;&amp;gt;&amp;lt;p style=&amp;quot;margin: 0;&amp;quot;&amp;gt;Review the submission and approve or return as necessary.&amp;lt;/p&amp;gt;&amp;lt;/div&amp;gt;" />
        <field name="govcdm_processstepid" value="ea8220a6-476e-ef11-a671-001dd808e57d" />
        <field name="govcdm_processsteptype" value="166840001" />
        <field name="govcdm_name" value="Supervisor Approval" />
        <field name="govcdm_parentprocessstep" value="f5d9f36f-476e-ef11-a671-001dd808e57d" lookupentity="govcdm_processstep" lookupentityname="Multi-Step Approval (Example)" />
        <field name="govcdm_assignto" value="166840005" />
        <field name="govcdm_processsteporder" value="1" />
        <field name="govcdm_primaryprocessstep" value="f5d9f36f-476e-ef11-a671-001dd808e57d" lookupentity="govcdm_processstep" lookupentityname="Multi-Step Approval (Example)" />
      </record>
      <record id="28aacfbe-476e-ef11-a671-001dd808e57d">
        <field name="govcdm_details" value="&amp;lt;div class=&amp;quot;ck-content&amp;quot; data-wrapper=&amp;quot;true&amp;quot; dir=&amp;quot;ltr&amp;quot; style=&amp;quot;--ck-image-style-spacing: 1.5em; --ck-inline-image-style-spacing: calc(var(--ck-image-style-spacing) / 2); --ck-color-selector-caption-background: hsl(0, 0%, 97%); --ck-color-selector-caption-text: hsl(0, 0%, 20%); font-family: Segoe UI; font-size: 11pt;&amp;quot;&amp;gt;&amp;lt;p style=&amp;quot;margin: 0;&amp;quot;&amp;gt;Perform a security review for this submission and approve or return as necessary.&amp;lt;/p&amp;gt;&amp;lt;/div&amp;gt;" />
        <field name="govcdm_processstepid" value="28aacfbe-476e-ef11-a671-001dd808e57d" />
        <field name="govcdm_processsteptype" value="166840001" />
        <field name="govcdm_name" value="Information Security Approval" />
        <field name="govcdm_parentprocessstep" value="f5d9f36f-476e-ef11-a671-001dd808e57d" lookupentity="govcdm_processstep" lookupentityname="Multi-Step Approval (Example)" />
        <field name="govcdm_assignto" value="166840004" />
        <field name="govcdm_processsteporder" value="3" />
        <field name="govcdm_primaryprocessstep" value="f5d9f36f-476e-ef11-a671-001dd808e57d" lookupentity="govcdm_processstep" lookupentityname="Multi-Step Approval (Example)" />
      </record>
      <record id="ac6489e3-476e-ef11-a671-001dd808e57d">
        <field name="govcdm_details" value="&amp;lt;div class=&amp;quot;ck-content&amp;quot; data-wrapper=&amp;quot;true&amp;quot; dir=&amp;quot;ltr&amp;quot; style=&amp;quot;--ck-image-style-spacing: 1.5em; --ck-inline-image-style-spacing: calc(var(--ck-image-style-spacing) / 2); --ck-color-selector-caption-background: hsl(0, 0%, 97%); --ck-color-selector-caption-text: hsl(0, 0%, 20%); font-family: Segoe UI; font-size: 11pt;&amp;quot;&amp;gt;&amp;lt;p style=&amp;quot;margin: 0;&amp;quot;&amp;gt;Review this submission for IT System authorization and approve or return as necessary.&amp;lt;/p&amp;gt;&amp;lt;/div&amp;gt;" />
        <field name="govcdm_processstepid" value="ac6489e3-476e-ef11-a671-001dd808e57d" />
        <field name="govcdm_processsteptype" value="166840001" />
        <field name="govcdm_name" value="IT System Owner Approval" />
        <field name="govcdm_parentprocessstep" value="f5d9f36f-476e-ef11-a671-001dd808e57d" lookupentity="govcdm_processstep" lookupentityname="Multi-Step Approval (Example)" />
        <field name="govcdm_processsteporder" value="2" />
        <field name="govcdm_primaryprocessstep" value="f5d9f36f-476e-ef11-a671-001dd808e57d" lookupentity="govcdm_processstep" lookupentityname="Multi-Step Approval (Example)" />
      </record>
      <record id="27d35e31-c57d-ef11-a671-001dd808e57d">
        <field name="govcdm_details" value="&amp;lt;div class=&amp;quot;ck-content&amp;quot; data-wrapper=&amp;quot;true&amp;quot; dir=&amp;quot;ltr&amp;quot; style=&amp;quot;--ck-image-style-spacing: 1.5em; --ck-inline-image-style-spacing: calc(var(--ck-image-style-spacing) / 2); --ck-color-selector-caption-background: hsl(0, 0%, 97%); --ck-color-selector-caption-text: hsl(0, 0%, 20%); font-family: Segoe UI; font-size: 11pt;&amp;quot;&amp;gt;&amp;lt;p style=&amp;quot;margin: 0; text-align: start;&amp;quot; dir=&amp;quot;ltr&amp;quot;&amp;gt;Use this process to manage the creation and approval of a formal letter of recommendation for individuals within your organization.&amp;lt;/p&amp;gt;&amp;lt;/div&amp;gt;" />
        <field name="govcdm_processstepid" value="27d35e31-c57d-ef11-a671-001dd808e57d" />
        <field name="govcdm_processsteptype" value="166840009" />
        <field name="govcdm_name" value="Letter of Recommendation" />
        <field name="govcdm_dataentrystep" value="1a67a532-7e6f-ef11-a671-001dd80278ec" lookupentity="govcdm_dataentrystep" lookupentityname="Person" />
      </record>
      <record id="af92b28b-c57d-ef11-a671-001dd808e57d">
        <field name="govcdm_details" value="&amp;lt;div class=&amp;quot;ck-content&amp;quot; data-wrapper=&amp;quot;true&amp;quot; dir=&amp;quot;ltr&amp;quot; style=&amp;quot;--ck-image-style-spacing: 1.5em; --ck-inline-image-style-spacing: calc(var(--ck-image-style-spacing) / 2); --ck-color-selector-caption-background: hsl(0, 0%, 97%); --ck-color-selector-caption-text: hsl(0, 0%, 20%); font-family: Segoe UI; font-size: 11pt;&amp;quot;&amp;gt;&amp;lt;p style=&amp;quot;margin: 0;&amp;quot;&amp;gt;Carefully read through the letter to confirm that it accurately represents the individual’s qualifications and contributions. Once satisfied, select either &amp;lt;strong style=&amp;quot;width:fit-content;&amp;quot; width=&amp;quot;fit-content&amp;quot;&amp;gt;Approve&amp;lt;/strong&amp;gt; or &amp;lt;strong style=&amp;quot;width:fit-content;&amp;quot; width=&amp;quot;fit-content&amp;quot;&amp;gt;Return&amp;lt;/strong&amp;gt; based on your review. After making a decision, mark this step as complete to finalize the approval process.&amp;lt;/p&amp;gt;&amp;lt;/div&amp;gt;" />
        <field name="govcdm_processstepid" value="af92b28b-c57d-ef11-a671-001dd808e57d" />
        <field name="govcdm_processsteptype" value="166840001" />
        <field name="govcdm_name" value="Approve Letter of Recommendation" />
        <field name="govcdm_parentprocessstep" value="27d35e31-c57d-ef11-a671-001dd808e57d" lookupentity="govcdm_processstep" lookupentityname="Letter of Recommendation" />
        <field name="govcdm_processsteporder" value="2" />
        <field name="govcdm_duedatecalcmethod" value="166840000" />
        <field name="govcdm_duedateoffset" value="5" />
        <field name="govcdm_primaryprocessstep" value="27d35e31-c57d-ef11-a671-001dd808e57d" lookupentity="govcdm_processstep" lookupentityname="Letter of Recommendation" />
      </record>
      <record id="7a520b16-8582-ef11-ac21-001dd808e57d">
        <field name="govcdm_details" value="&amp;lt;div class=&amp;quot;ck-content&amp;quot; data-wrapper=&amp;quot;true&amp;quot; dir=&amp;quot;ltr&amp;quot; style=&amp;quot;--ck-image-style-spacing: 1.5em; --ck-inline-image-style-spacing: calc(var(--ck-image-style-spacing) / 2); --ck-color-selector-caption-background: hsl(0, 0%, 97%); --ck-color-selector-caption-text: hsl(0, 0%, 20%); font-family: Segoe UI; font-size: 11pt;&amp;quot;&amp;gt;&amp;lt;p style=&amp;quot;margin: 0; text-align: start;&amp;quot; dir=&amp;quot;ltr&amp;quot;&amp;gt;Review the pre-populated information from the Person’s record and fill in any additional required details for the letter of recommendation. Customize the content as needed to reflect the individual’s contributions and qualities. Once all fields are complete, generate the Letter of Recommendation using the provided template. Ensure that the letter is accurate and aligns with the intended purpose before marking this step as complete.&amp;lt;/p&amp;gt;&amp;lt;/div&amp;gt;" />
        <field name="govcdm_processstepid" value="7a520b16-8582-ef11-ac21-001dd808e57d" />
        <field name="govcdm_processsteptype" value="166840000" />
        <field name="govcdm_name" value="Prepare Letter of Recommendation" />
        <field name="govcdm_parentprocessstep" value="27d35e31-c57d-ef11-a671-001dd808e57d" lookupentity="govcdm_processstep" lookupentityname="Letter of Recommendation" />
        <field name="govcdm_processsteporder" value="1" />
        <field name="govcdm_primaryprocessstep" value="27d35e31-c57d-ef11-a671-001dd808e57d" lookupentity="govcdm_processstep" lookupentityname="Letter of Recommendation" />
      </record>
      <record id="368a1dcf-6287-ef11-ac21-001dd808e57d">
        <field name="govcdm_details" value="&amp;lt;div class=&amp;quot;ck-content&amp;quot; data-wrapper=&amp;quot;true&amp;quot; dir=&amp;quot;ltr&amp;quot; style=&amp;quot;--ck-image-style-spacing: 1.5em; --ck-inline-image-style-spacing: calc(var(--ck-image-style-spacing) / 2); --ck-color-selector-caption-background: hsl(0, 0%, 97%); --ck-color-selector-caption-text: hsl(0, 0%, 20%); font-family: Segoe UI; font-size: 11pt;&amp;quot;&amp;gt;&amp;lt;p style=&amp;quot;margin: 0;&amp;quot;&amp;gt;This step will create a Microsoft Team Channel for individual in the HR Administration Team.&amp;lt;/p&amp;gt;&amp;lt;/div&amp;gt;" />
        <field name="govcdm_processstepid" value="368a1dcf-6287-ef11-ac21-001dd808e57d" />
        <field name="govcdm_processsteptype" value="166840007" />
        <field name="govcdm_name" value="Create Collaboration Channel" />
        <field name="govcdm_parentprocessstep" value="7a520b16-8582-ef11-ac21-001dd808e57d" lookupentity="govcdm_processstep" lookupentityname="Prepare Letter of Recommendation" />
        <field name="govcdm_processsteporder" value="1" />
        <field name="msfed_automationtype" value="188440001" />
        <field name="govcdm_collaborationspace" value="8eaf1252-7e45-f011-877a-001dd80c2ad5" lookupentity="govcdm_collaborationspace" lookupentityname="New HR Team Channel" />
        <field name="govcdm_primaryprocessstep" value="27d35e31-c57d-ef11-a671-001dd808e57d" lookupentity="govcdm_processstep" lookupentityname="Letter of Recommendation" />
        <field name="govcdm_primaryrecorddisplayfield" value="fullname" />
      </record>
      <record id="e64c07f3-6287-ef11-ac21-001dd808e57d">
        <field name="govcdm_details" value="&amp;lt;div class=&amp;quot;ck-content&amp;quot; data-wrapper=&amp;quot;true&amp;quot; dir=&amp;quot;ltr&amp;quot; style=&amp;quot;--ck-image-style-spacing: 1.5em; --ck-inline-image-style-spacing: calc(var(--ck-image-style-spacing) / 2); --ck-color-selector-caption-background: hsl(0, 0%, 97%); --ck-color-selector-caption-text: hsl(0, 0%, 20%); font-family: Segoe UI; font-size: 11pt;&amp;quot;&amp;gt;&amp;lt;p style=&amp;quot;margin: 0;&amp;quot;&amp;gt;This step will generate a Letter of Recommendation based on the information in the Person form.&amp;lt;/p&amp;gt;&amp;lt;/div&amp;gt;" />
        <field name="govcdm_processstepid" value="e64c07f3-6287-ef11-ac21-001dd808e57d" />
        <field name="govcdm_processsteptype" value="166840007" />
        <field name="govcdm_name" value="Generate Letter of Recommendation" />
        <field name="govcdm_parentprocessstep" value="7a520b16-8582-ef11-ac21-001dd808e57d" lookupentity="govcdm_processstep" lookupentityname="Prepare Letter of Recommendation" />
        <field name="govcdm_processsteporder" value="2" />
        <field name="msfed_automationtype" value="188440000" />
        <field name="govcdm_contenttemplate" value="501e7094-3f45-f011-877a-001dd80bcb40" lookupentity="govcdm_contenttemplate" lookupentityname="Letter of Recommendation" />
        <field name="govcdm_primaryprocessstep" value="27d35e31-c57d-ef11-a671-001dd808e57d" lookupentity="govcdm_processstep" lookupentityname="Letter of Recommendation" />
        <field name="govcdm_primaryrecorddisplayfield" value="fullname" />
      </record>
      <record id="87a24b4e-72ec-ee11-904c-0022481df7e6">
        <field name="govcdm_details" value="&amp;lt;div class=&amp;quot;ck-content&amp;quot; data-wrapper=&amp;quot;true&amp;quot; dir=&amp;quot;ltr&amp;quot; style=&amp;quot;--ck-image-style-spacing: 1.5em; --ck-inline-image-style-spacing: calc(var(--ck-image-style-spacing) / 2); font-family: Segoe UI; font-size: 11pt;&amp;quot;&amp;gt;&amp;lt;p style=&amp;quot;margin: 0;&amp;quot;&amp;gt;Use this process when onboarding personnel to the organization.&amp;lt;/p&amp;gt;&amp;lt;/div&amp;gt;" />
        <field name="govcdm_processstepid" value="87a24b4e-72ec-ee11-904c-0022481df7e6" />
        <field name="govcdm_processsteptype" value="166840009" />
        <field name="govcdm_name" value="HR Onboarding Checklist" />
        <field name="govcdm_assignto" value="166840001" />
        <field name="govcdm_dataentrystep" value="1a67a532-7e6f-ef11-a671-001dd80278ec" lookupentity="govcdm_dataentrystep" lookupentityname="Person" />
        <field name="govcdm_substepprocessingorder" value="166840001" />
      </record>
    </records>
    <m2mrelationships />
  </entity>
  <entity name="govcdm_dataentrystep" displayname="Data Entry Step">
    <records>
      <record id="59d463ab-ce6e-ef11-a671-001dd80278ec">
        <field name="govcdm_parentdataentrystep" value="707f805c-ca6e-ef11-a671-001dd808e57d" lookupentity="govcdm_dataentrystep" lookupentityname="Building Exterior" />
        <field name="govcdm_validforcreate" value="166840001" />
        <field name="govcdm_dataentrystepid" value="59d463ab-ce6e-ef11-a671-001dd80278ec" />
        <field name="govcdm_dataentrysteporder" value="2" />
        <field name="govcdm_dataentrytype" value="166840001" />
        <field name="govcdm_name" value="Accessibility" />
      </record>
      <record id="c77a5eb1-ce6e-ef11-a671-001dd80278ec">
        <field name="govcdm_parentdataentrystep" value="707f805c-ca6e-ef11-a671-001dd808e57d" lookupentity="govcdm_dataentrystep" lookupentityname="Building Exterior" />
        <field name="govcdm_validforcreate" value="166840001" />
        <field name="govcdm_dataentrystepid" value="c77a5eb1-ce6e-ef11-a671-001dd80278ec" />
        <field name="govcdm_dataentrysteporder" value="3" />
        <field name="govcdm_dataentrytype" value="166840001" />
        <field name="govcdm_name" value="Parking" />
      </record>
      <record id="0f9ae7bd-ce6e-ef11-a671-001dd80278ec">
        <field name="govcdm_parentdataentrystep" value="288b2ed7-c96e-ef11-a671-001dd808e57d" lookupentity="govcdm_dataentrystep" lookupentityname="Building Interior" />
        <field name="govcdm_validforcreate" value="166840001" />
        <field name="govcdm_dataentrystepid" value="0f9ae7bd-ce6e-ef11-a671-001dd80278ec" />
        <field name="govcdm_dataentrysteporder" value="1" />
        <field name="govcdm_dataentrytype" value="166840001" />
        <field name="govcdm_name" value="Safety &amp;amp; Compliance" />
      </record>
      <record id="ee2ceec3-ce6e-ef11-a671-001dd80278ec">
        <field name="govcdm_parentdataentrystep" value="288b2ed7-c96e-ef11-a671-001dd808e57d" lookupentity="govcdm_dataentrystep" lookupentityname="Building Interior" />
        <field name="govcdm_validforcreate" value="166840001" />
        <field name="govcdm_dataentrystepid" value="ee2ceec3-ce6e-ef11-a671-001dd80278ec" />
        <field name="govcdm_dataentrysteporder" value="2" />
        <field name="govcdm_dataentrytype" value="166840001" />
        <field name="govcdm_name" value="Cleanliness" />
      </record>
      <record id="323d07d0-ce6e-ef11-a671-001dd80278ec">
        <field name="govcdm_parentdataentrystep" value="288b2ed7-c96e-ef11-a671-001dd808e57d" lookupentity="govcdm_dataentrystep" lookupentityname="Building Interior" />
        <field name="govcdm_validforcreate" value="166840001" />
        <field name="govcdm_dataentrystepid" value="323d07d0-ce6e-ef11-a671-001dd80278ec" />
        <field name="govcdm_dataentrysteporder" value="3" />
        <field name="govcdm_dataentrytype" value="166840001" />
        <field name="govcdm_name" value="Lighting" />
      </record>
      <record id="ad444bdc-ce6e-ef11-a671-001dd80278ec">
        <field name="govcdm_parentdataentrystep" value="ac826fb0-ca6e-ef11-a671-001dd808e57d" lookupentity="govcdm_dataentrystep" lookupentityname="HVAC and Ventilation Systems" />
        <field name="govcdm_validforcreate" value="166840001" />
        <field name="govcdm_dataentrystepid" value="ad444bdc-ce6e-ef11-a671-001dd80278ec" />
        <field name="govcdm_dataentrysteporder" value="1" />
        <field name="govcdm_dataentrytype" value="166840001" />
        <field name="govcdm_name" value="Air Quality" />
      </record>
      <record id="19d04de4-ce6e-ef11-a671-001dd80278ec">
        <field name="govcdm_parentdataentrystep" value="ac826fb0-ca6e-ef11-a671-001dd808e57d" lookupentity="govcdm_dataentrystep" lookupentityname="HVAC and Ventilation Systems" />
        <field name="govcdm_validforcreate" value="166840001" />
        <field name="govcdm_dataentrystepid" value="19d04de4-ce6e-ef11-a671-001dd80278ec" />
        <field name="govcdm_dataentrysteporder" value="2" />
        <field name="govcdm_dataentrytype" value="166840001" />
        <field name="govcdm_name" value="Temperature Control" />
      </record>
      <record id="89904206-cf6e-ef11-a671-001dd80278ec">
        <field name="govcdm_parentdataentrystep" value="96a9007b-ce6e-ef11-a671-001dd808e57d" lookupentity="govcdm_dataentrystep" lookupentityname="Structural Condition" />
        <field name="govcdm_validforcreate" value="166840001" />
        <field name="govcdm_dataentrystepid" value="89904206-cf6e-ef11-a671-001dd80278ec" />
        <field name="govcdm_dataentrysteporder" value="1" />
        <field name="govcdm_dataentrytype" value="166840002" />
        <field name="govcdm_description" value="&amp;lt;div class=&amp;quot;ck-content&amp;quot; data-wrapper=&amp;quot;true&amp;quot; dir=&amp;quot;ltr&amp;quot; style=&amp;quot;--ck-image-style-spacing: 1.5em; --ck-inline-image-style-spacing: calc(var(--ck-image-style-spacing) / 2); --ck-color-selector-caption-background: hsl(0, 0%, 97%); --ck-color-selector-caption-text: hsl(0, 0%, 20%); font-family: Segoe UI; font-size: 11pt;&amp;quot;&amp;gt;&amp;lt;p style=&amp;quot;margin: 0;&amp;quot;&amp;gt;Are there any visible cracks or damage to the building facade?&amp;lt;/p&amp;gt;&amp;lt;/div&amp;gt;" />
        <field name="govcdm_name" value="Visible Damage" />
      </record>
      <record id="74d04018-cf6e-ef11-a671-001dd80278ec">
        <field name="govcdm_parentdataentrystep" value="96a9007b-ce6e-ef11-a671-001dd808e57d" lookupentity="govcdm_dataentrystep" lookupentityname="Structural Condition" />
        <field name="govcdm_validforcreate" value="166840001" />
        <field name="govcdm_dataentrystepid" value="74d04018-cf6e-ef11-a671-001dd80278ec" />
        <field name="govcdm_dataentrysteporder" value="2" />
        <field name="govcdm_dataentrytype" value="166840004" />
        <field name="govcdm_description" value="&amp;lt;div class=&amp;quot;ck-content&amp;quot; data-wrapper=&amp;quot;true&amp;quot; dir=&amp;quot;ltr&amp;quot; style=&amp;quot;--ck-image-style-spacing: 1.5em; --ck-inline-image-style-spacing: calc(var(--ck-image-style-spacing) / 2); --ck-color-selector-caption-background: hsl(0, 0%, 97%); --ck-color-selector-caption-text: hsl(0, 0%, 20%); font-family: Segoe UI; font-size: 11pt;&amp;quot;&amp;gt;&amp;lt;p style=&amp;quot;margin: 0;&amp;quot;&amp;gt;How would you rate the overall condition of the building&amp;#39;s exterior?&amp;lt;/p&amp;gt;&amp;lt;/div&amp;gt;" />
        <field name="govcdm_name" value="Overall Exterior Rating" />
      </record>
      <record id="a1b93324-cf6e-ef11-a671-001dd80278ec">
        <field name="govcdm_parentdataentrystep" value="96a9007b-ce6e-ef11-a671-001dd808e57d" lookupentity="govcdm_dataentrystep" lookupentityname="Structural Condition" />
        <field name="govcdm_validforcreate" value="166840001" />
        <field name="govcdm_dataentrystepid" value="a1b93324-cf6e-ef11-a671-001dd80278ec" />
        <field name="govcdm_dataentrysteporder" value="3" />
        <field name="govcdm_dataentrytype" value="166840003" />
        <field name="govcdm_description" value="&amp;lt;div class=&amp;quot;ck-content&amp;quot; data-wrapper=&amp;quot;true&amp;quot; dir=&amp;quot;ltr&amp;quot; style=&amp;quot;--ck-image-style-spacing: 1.5em; --ck-inline-image-style-spacing: calc(var(--ck-image-style-spacing) / 2); --ck-color-selector-caption-background: hsl(0, 0%, 97%); --ck-color-selector-caption-text: hsl(0, 0%, 20%); font-family: Segoe UI; font-size: 11pt;&amp;quot;&amp;gt;&amp;lt;p style=&amp;quot;margin: 0;&amp;quot;&amp;gt;Please describe any structural damage observed.&amp;lt;/p&amp;gt;&amp;lt;/div&amp;gt;" />
        <field name="govcdm_name" value="Damage Description" />
      </record>
      <record id="1a67a532-7e6f-ef11-a671-001dd80278ec">
        <field name="govcdm_validforcreate" value="166840000" />
        <field name="govcdm_dataentrystepid" value="1a67a532-7e6f-ef11-a671-001dd80278ec" />
        <field name="govcdm_dataentrytype" value="166840000" />
        <field name="govcdm_description" value="&amp;lt;div class=&amp;quot;ck-content&amp;quot; data-wrapper=&amp;quot;true&amp;quot; dir=&amp;quot;ltr&amp;quot; style=&amp;quot;--ck-image-style-spacing: 1.5em; --ck-inline-image-style-spacing: calc(var(--ck-image-style-spacing) / 2); --ck-color-selector-caption-background: hsl(0, 0%, 97%); --ck-color-selector-caption-text: hsl(0, 0%, 20%); font-family: Segoe UI; font-size: 11pt;&amp;quot;&amp;gt;&amp;lt;p style=&amp;quot;margin: 0; text-align: start;&amp;quot; dir=&amp;quot;ltr&amp;quot;&amp;gt;Represents a Person (Contact) in the organization or and external person.&amp;lt;/p&amp;gt;&amp;lt;/div&amp;gt;" />
        <field name="govcdm_formappliestoschemaname" value="contacts" />
        <field name="govcdm_name" value="Person" />
      </record>
      <record id="42f7ad73-f660-ef11-bfe3-001dd80278ec">
        <field name="govcdm_validforcreate" value="166840001" />
        <field name="govcdm_dataentrystepid" value="42f7ad73-f660-ef11-bfe3-001dd80278ec" />
        <field name="govcdm_dataentrytype" value="166840000" />
        <field name="govcdm_description" value="&amp;lt;div class=&amp;quot;ck-content&amp;quot; data-wrapper=&amp;quot;true&amp;quot; dir=&amp;quot;ltr&amp;quot; style=&amp;quot;--ck-image-style-spacing: 1.5em; --ck-inline-image-style-spacing: calc(var(--ck-image-style-spacing) / 2); --ck-color-selector-caption-background: hsl(0, 0%, 97%); --ck-color-selector-caption-text: hsl(0, 0%, 20%); font-family: Segoe UI; font-size: 11pt;&amp;quot;&amp;gt;&amp;lt;p style=&amp;quot;margin: 0;&amp;quot;&amp;gt;This is a sample form.&amp;lt;/p&amp;gt;&amp;lt;/div&amp;gt;" />
        <field name="govcdm_name" value="Sample Form" />
      </record>
      <record id="c1411c86-f660-ef11-bfe3-001dd80278ec">
        <field name="govcdm_parentdataentrystep" value="42f7ad73-f660-ef11-bfe3-001dd80278ec" lookupentity="govcdm_dataentrystep" lookupentityname="Sample Form" />
        <field name="govcdm_validforcreate" value="166840001" />
        <field name="govcdm_dataentrystepid" value="c1411c86-f660-ef11-bfe3-001dd80278ec" />
        <field name="govcdm_dataentrytype" value="166840001" />
        <field name="govcdm_description" value="&amp;lt;div class=&amp;quot;ck-content&amp;quot; data-wrapper=&amp;quot;true&amp;quot; dir=&amp;quot;ltr&amp;quot; style=&amp;quot;--ck-image-style-spacing: 1.5em; --ck-inline-image-style-spacing: calc(var(--ck-image-style-spacing) / 2); --ck-color-selector-caption-background: hsl(0, 0%, 97%); --ck-color-selector-caption-text: hsl(0, 0%, 20%); font-family: Segoe UI; font-size: 11pt;&amp;quot;&amp;gt;&amp;lt;p style=&amp;quot;margin: 0;&amp;quot;&amp;gt;This is a sample section 1.&amp;lt;/p&amp;gt;&amp;lt;/div&amp;gt;" />
        <field name="govcdm_name" value="Sample Section 1" />
      </record>
      <record id="4985148c-f660-ef11-bfe3-001dd80278ec">
        <field name="govcdm_parentdataentrystep" value="42f7ad73-f660-ef11-bfe3-001dd80278ec" lookupentity="govcdm_dataentrystep" lookupentityname="Sample Form" />
        <field name="govcdm_validforcreate" value="166840001" />
        <field name="govcdm_dataentrystepid" value="4985148c-f660-ef11-bfe3-001dd80278ec" />
        <field name="govcdm_dataentrytype" value="166840001" />
        <field name="govcdm_description" value="&amp;lt;div class=&amp;quot;ck-content&amp;quot; data-wrapper=&amp;quot;true&amp;quot; dir=&amp;quot;ltr&amp;quot; style=&amp;quot;--ck-image-style-spacing: 1.5em; --ck-inline-image-style-spacing: calc(var(--ck-image-style-spacing) / 2); --ck-color-selector-caption-background: hsl(0, 0%, 97%); --ck-color-selector-caption-text: hsl(0, 0%, 20%); font-family: Segoe UI; font-size: 11pt;&amp;quot;&amp;gt;&amp;lt;p style=&amp;quot;margin: 0;&amp;quot;&amp;gt;This is sample section 2.&amp;lt;/p&amp;gt;&amp;lt;/div&amp;gt;" />
        <field name="govcdm_name" value="Sample Section 2" />
      </record>
      <record id="8a8793b6-f660-ef11-bfe3-001dd80278ec">
        <field name="govcdm_parentdataentrystep" value="c1411c86-f660-ef11-bfe3-001dd80278ec" lookupentity="govcdm_dataentrystep" lookupentityname="Sample Section 1" />
        <field name="govcdm_validforcreate" value="166840001" />
        <field name="govcdm_dataentrystepid" value="8a8793b6-f660-ef11-bfe3-001dd80278ec" />
        <field name="govcdm_dataentrytype" value="166840002" />
        <field name="govcdm_description" value="&amp;lt;div class=&amp;quot;ck-content&amp;quot; data-wrapper=&amp;quot;true&amp;quot; dir=&amp;quot;ltr&amp;quot; style=&amp;quot;--ck-image-style-spacing: 1.5em; --ck-inline-image-style-spacing: calc(var(--ck-image-style-spacing) / 2); --ck-color-selector-caption-background: hsl(0, 0%, 97%); --ck-color-selector-caption-text: hsl(0, 0%, 20%); font-family: Segoe UI; font-size: 11pt;&amp;quot;&amp;gt;&amp;lt;p style=&amp;quot;margin: 0;&amp;quot;&amp;gt;This is a sample short text field.&amp;lt;/p&amp;gt;&amp;lt;/div&amp;gt;" />
        <field name="govcdm_name" value="Sample Short Text field" />
      </record>
      <record id="d461c2c2-f660-ef11-bfe3-001dd80278ec">
        <field name="govcdm_parentdataentrystep" value="c1411c86-f660-ef11-bfe3-001dd80278ec" lookupentity="govcdm_dataentrystep" lookupentityname="Sample Section 1" />
        <field name="govcdm_validforcreate" value="166840001" />
        <field name="govcdm_dataentrystepid" value="d461c2c2-f660-ef11-bfe3-001dd80278ec" />
        <field name="govcdm_dataentrytype" value="166840003" />
        <field name="govcdm_description" value="&amp;lt;div class=&amp;quot;ck-content&amp;quot; data-wrapper=&amp;quot;true&amp;quot; dir=&amp;quot;ltr&amp;quot; style=&amp;quot;--ck-image-style-spacing: 1.5em; --ck-inline-image-style-spacing: calc(var(--ck-image-style-spacing) / 2); --ck-color-selector-caption-background: hsl(0, 0%, 97%); --ck-color-selector-caption-text: hsl(0, 0%, 20%); font-family: Segoe UI; font-size: 11pt;&amp;quot;&amp;gt;&amp;lt;p style=&amp;quot;margin: 0;&amp;quot;&amp;gt;This is a sample long text field.&amp;lt;/p&amp;gt;&amp;lt;/div&amp;gt;" />
        <field name="govcdm_name" value="Sample Long Text Field" />
      </record>
      <record id="511d0bcf-f660-ef11-bfe3-001dd80278ec">
        <field name="govcdm_parentdataentrystep" value="c1411c86-f660-ef11-bfe3-001dd80278ec" lookupentity="govcdm_dataentrystep" lookupentityname="Sample Section 1" />
        <field name="govcdm_validforcreate" value="166840001" />
        <field name="govcdm_dataentrystepid" value="511d0bcf-f660-ef11-bfe3-001dd80278ec" />
        <field name="govcdm_dataentrytype" value="166840004" />
        <field name="govcdm_description" value="&amp;lt;div class=&amp;quot;ck-content&amp;quot; data-wrapper=&amp;quot;true&amp;quot; dir=&amp;quot;ltr&amp;quot; style=&amp;quot;--ck-image-style-spacing: 1.5em; --ck-inline-image-style-spacing: calc(var(--ck-image-style-spacing) / 2); --ck-color-selector-caption-background: hsl(0, 0%, 97%); --ck-color-selector-caption-text: hsl(0, 0%, 20%); font-family: Segoe UI; font-size: 11pt;&amp;quot;&amp;gt;&amp;lt;p style=&amp;quot;margin: 0;&amp;quot;&amp;gt;This is a sample whole number field.&amp;lt;/p&amp;gt;&amp;lt;/div&amp;gt;" />
        <field name="govcdm_name" value="Sample Whole Number" />
      </record>
      <record id="fa4335db-f660-ef11-bfe3-001dd80278ec">
        <field name="govcdm_parentdataentrystep" value="c1411c86-f660-ef11-bfe3-001dd80278ec" lookupentity="govcdm_dataentrystep" lookupentityname="Sample Section 1" />
        <field name="govcdm_validforcreate" value="166840001" />
        <field name="govcdm_dataentrystepid" value="fa4335db-f660-ef11-bfe3-001dd80278ec" />
        <field name="govcdm_dataentrytype" value="166840005" />
        <field name="govcdm_description" value="&amp;lt;div class=&amp;quot;ck-content&amp;quot; data-wrapper=&amp;quot;true&amp;quot; dir=&amp;quot;ltr&amp;quot; style=&amp;quot;--ck-image-style-spacing: 1.5em; --ck-inline-image-style-spacing: calc(var(--ck-image-style-spacing) / 2); --ck-color-selector-caption-background: hsl(0, 0%, 97%); --ck-color-selector-caption-text: hsl(0, 0%, 20%); font-family: Segoe UI; font-size: 11pt;&amp;quot;&amp;gt;&amp;lt;p style=&amp;quot;margin: 0;&amp;quot;&amp;gt;This is a sample float field.&amp;lt;/p&amp;gt;&amp;lt;/div&amp;gt;" />
        <field name="govcdm_name" value="Sample Float Field" />
      </record>
      <record id="aa3e3be7-f660-ef11-bfe3-001dd80278ec">
        <field name="govcdm_parentdataentrystep" value="4985148c-f660-ef11-bfe3-001dd80278ec" lookupentity="govcdm_dataentrystep" lookupentityname="Sample Section 2" />
        <field name="govcdm_validforcreate" value="166840001" />
        <field name="govcdm_dataentrystepid" value="aa3e3be7-f660-ef11-bfe3-001dd80278ec" />
        <field name="govcdm_dataentrytype" value="166840006" />
        <field name="govcdm_description" value="&amp;lt;div class=&amp;quot;ck-content&amp;quot; data-wrapper=&amp;quot;true&amp;quot; dir=&amp;quot;ltr&amp;quot; style=&amp;quot;--ck-image-style-spacing: 1.5em; --ck-inline-image-style-spacing: calc(var(--ck-image-style-spacing) / 2); --ck-color-selector-caption-background: hsl(0, 0%, 97%); --ck-color-selector-caption-text: hsl(0, 0%, 20%); font-family: Segoe UI; font-size: 11pt;&amp;quot;&amp;gt;&amp;lt;p style=&amp;quot;margin: 0;&amp;quot;&amp;gt;This is a sample date field.&amp;lt;/p&amp;gt;&amp;lt;/div&amp;gt;" />
        <field name="govcdm_name" value="Sample Date Field" />
      </record>
      <record id="9bad56f3-f660-ef11-bfe3-001dd80278ec">
        <field name="govcdm_parentdataentrystep" value="4985148c-f660-ef11-bfe3-001dd80278ec" lookupentity="govcdm_dataentrystep" lookupentityname="Sample Section 2" />
        <field name="govcdm_validforcreate" value="166840001" />
        <field name="govcdm_dataentrystepid" value="9bad56f3-f660-ef11-bfe3-001dd80278ec" />
        <field name="govcdm_dataentrytype" value="166840007" />
        <field name="govcdm_description" value="&amp;lt;div class=&amp;quot;ck-content&amp;quot; data-wrapper=&amp;quot;true&amp;quot; dir=&amp;quot;ltr&amp;quot; style=&amp;quot;--ck-image-style-spacing: 1.5em; --ck-inline-image-style-spacing: calc(var(--ck-image-style-spacing) / 2); --ck-color-selector-caption-background: hsl(0, 0%, 97%); --ck-color-selector-caption-text: hsl(0, 0%, 20%); font-family: Segoe UI; font-size: 11pt;&amp;quot;&amp;gt;&amp;lt;p style=&amp;quot;margin: 0;&amp;quot;&amp;gt;This is a sample date time field.&amp;lt;/p&amp;gt;&amp;lt;/div&amp;gt;" />
        <field name="govcdm_name" value="Sample Date Time Field" />
      </record>
      <record id="8f471a0c-f760-ef11-bfe3-001dd80278ec">
        <field name="govcdm_parentdataentrystep" value="42f7ad73-f660-ef11-bfe3-001dd80278ec" lookupentity="govcdm_dataentrystep" lookupentityname="Sample Form" />
        <field name="govcdm_validforcreate" value="166840001" />
        <field name="govcdm_dataentrystepid" value="8f471a0c-f760-ef11-bfe3-001dd80278ec" />
        <field name="govcdm_dataentrytype" value="166840001" />
        <field name="govcdm_description" value="&amp;lt;div class=&amp;quot;ck-content&amp;quot; data-wrapper=&amp;quot;true&amp;quot; dir=&amp;quot;ltr&amp;quot; style=&amp;quot;--ck-image-style-spacing: 1.5em; --ck-inline-image-style-spacing: calc(var(--ck-image-style-spacing) / 2); --ck-color-selector-caption-background: hsl(0, 0%, 97%); --ck-color-selector-caption-text: hsl(0, 0%, 20%); font-family: Segoe UI; font-size: 11pt;&amp;quot;&amp;gt;&amp;lt;p style=&amp;quot;margin: 0;&amp;quot;&amp;gt;This is sample section 3.&amp;lt;/p&amp;gt;&amp;lt;/div&amp;gt;" />
        <field name="govcdm_name" value="Sample Section 3" />
      </record>
      <record id="07950c1e-f760-ef11-bfe3-001dd80278ec">
        <field name="govcdm_parentdataentrystep" value="8f471a0c-f760-ef11-bfe3-001dd80278ec" lookupentity="govcdm_dataentrystep" lookupentityname="Sample Section 3" />
        <field name="govcdm_validforcreate" value="166840001" />
        <field name="govcdm_dataentrystepid" value="07950c1e-f760-ef11-bfe3-001dd80278ec" />
        <field name="govcdm_dataentrytype" value="166840008" />
        <field name="govcdm_description" value="&amp;lt;div class=&amp;quot;ck-content&amp;quot; data-wrapper=&amp;quot;true&amp;quot; dir=&amp;quot;ltr&amp;quot; style=&amp;quot;--ck-image-style-spacing: 1.5em; --ck-inline-image-style-spacing: calc(var(--ck-image-style-spacing) / 2); --ck-color-selector-caption-background: hsl(0, 0%, 97%); --ck-color-selector-caption-text: hsl(0, 0%, 20%); font-family: Segoe UI; font-size: 11pt;&amp;quot;&amp;gt;&amp;lt;p style=&amp;quot;margin: 0;&amp;quot;&amp;gt;This is a sample file field.&amp;lt;/p&amp;gt;&amp;lt;/div&amp;gt;" />
        <field name="govcdm_name" value="Sample File Field" />
      </record>
      <record id="bffd0b24-f760-ef11-bfe3-001dd80278ec">
        <field name="govcdm_parentdataentrystep" value="8f471a0c-f760-ef11-bfe3-001dd80278ec" lookupentity="govcdm_dataentrystep" lookupentityname="Sample Section 3" />
        <field name="govcdm_validforcreate" value="166840001" />
        <field name="govcdm_dataentrystepid" value="bffd0b24-f760-ef11-bfe3-001dd80278ec" />
        <field name="govcdm_dataentrytype" value="166840009" />
        <field name="govcdm_description" value="&amp;lt;div class=&amp;quot;ck-content&amp;quot; data-wrapper=&amp;quot;true&amp;quot; dir=&amp;quot;ltr&amp;quot; style=&amp;quot;--ck-image-style-spacing: 1.5em; --ck-inline-image-style-spacing: calc(var(--ck-image-style-spacing) / 2); --ck-color-selector-caption-background: hsl(0, 0%, 97%); --ck-color-selector-caption-text: hsl(0, 0%, 20%); font-family: Segoe UI; font-size: 11pt;&amp;quot;&amp;gt;&amp;lt;p style=&amp;quot;margin: 0;&amp;quot;&amp;gt;This is a sample image field.&amp;lt;/p&amp;gt;&amp;lt;/div&amp;gt;" />
        <field name="govcdm_name" value="Sample Image Field" />
      </record>
      <record id="2d0d0336-f760-ef11-bfe3-001dd80278ec">
        <field name="govcdm_parentdataentrystep" value="8f471a0c-f760-ef11-bfe3-001dd80278ec" lookupentity="govcdm_dataentrystep" lookupentityname="Sample Section 3" />
        <field name="govcdm_validforcreate" value="166840001" />
        <field name="govcdm_dataentrystepid" value="2d0d0336-f760-ef11-bfe3-001dd80278ec" />
        <field name="govcdm_dataentrytype" value="166840011" />
        <field name="govcdm_description" value="&amp;lt;div class=&amp;quot;ck-content&amp;quot; data-wrapper=&amp;quot;true&amp;quot; dir=&amp;quot;ltr&amp;quot; style=&amp;quot;--ck-image-style-spacing: 1.5em; --ck-inline-image-style-spacing: calc(var(--ck-image-style-spacing) / 2); --ck-color-selector-caption-background: hsl(0, 0%, 97%); --ck-color-selector-caption-text: hsl(0, 0%, 20%); font-family: Segoe UI; font-size: 11pt;&amp;quot;&amp;gt;&amp;lt;p style=&amp;quot;margin: 0;&amp;quot;&amp;gt;This is a sample choice field.&amp;lt;/p&amp;gt;&amp;lt;/div&amp;gt;" />
        <field name="govcdm_name" value="Sample Choice Field" />
      </record>
      <record id="74aaf1ca-c96e-ef11-a671-001dd808e57d">
        <field name="govcdm_validforcreate" value="166840001" />
        <field name="govcdm_dataentrystepid" value="74aaf1ca-c96e-ef11-a671-001dd808e57d" />
        <field name="govcdm_dataentrytype" value="166840000" />
        <field name="govcdm_description" value="&amp;lt;div class=&amp;quot;ck-content&amp;quot; data-wrapper=&amp;quot;true&amp;quot; dir=&amp;quot;ltr&amp;quot; style=&amp;quot;--ck-image-style-spacing: 1.5em; --ck-inline-image-style-spacing: calc(var(--ck-image-style-spacing) / 2); --ck-color-selector-caption-background: hsl(0, 0%, 97%); --ck-color-selector-caption-text: hsl(0, 0%, 20%); font-family: Segoe UI; font-size: 11pt;&amp;quot;&amp;gt;&amp;lt;p style=&amp;quot;margin: 0;&amp;quot;&amp;gt;Use this checklist for building inspections.&amp;lt;/p&amp;gt;&amp;lt;/div&amp;gt;" />
        <field name="govcdm_name" value="Building Inspection Checklist" />
      </record>
      <record id="288b2ed7-c96e-ef11-a671-001dd808e57d">
        <field name="govcdm_parentdataentrystep" value="74aaf1ca-c96e-ef11-a671-001dd808e57d" lookupentity="govcdm_dataentrystep" lookupentityname="Building Inspection Checklist" />
        <field name="govcdm_validforcreate" value="166840001" />
        <field name="govcdm_dataentrystepid" value="288b2ed7-c96e-ef11-a671-001dd808e57d" />
        <field name="govcdm_dataentrysteporder" value="2" />
        <field name="govcdm_dataentrytype" value="166840001" />
        <field name="govcdm_name" value="Building Interior" />
      </record>
      <record id="707f805c-ca6e-ef11-a671-001dd808e57d">
        <field name="govcdm_parentdataentrystep" value="74aaf1ca-c96e-ef11-a671-001dd808e57d" lookupentity="govcdm_dataentrystep" lookupentityname="Building Inspection Checklist" />
        <field name="govcdm_validforcreate" value="166840001" />
        <field name="govcdm_dataentrystepid" value="707f805c-ca6e-ef11-a671-001dd808e57d" />
        <field name="govcdm_dataentrysteporder" value="1" />
        <field name="govcdm_dataentrytype" value="166840001" />
        <field name="govcdm_name" value="Building Exterior" />
      </record>
      <record id="ac826fb0-ca6e-ef11-a671-001dd808e57d">
        <field name="govcdm_parentdataentrystep" value="74aaf1ca-c96e-ef11-a671-001dd808e57d" lookupentity="govcdm_dataentrystep" lookupentityname="Building Inspection Checklist" />
        <field name="govcdm_validforcreate" value="166840001" />
        <field name="govcdm_dataentrystepid" value="ac826fb0-ca6e-ef11-a671-001dd808e57d" />
        <field name="govcdm_dataentrysteporder" value="3" />
        <field name="govcdm_dataentrytype" value="166840001" />
        <field name="govcdm_name" value="HVAC and Ventilation Systems" />
      </record>
      <record id="1b5571b6-ca6e-ef11-a671-001dd808e57d">
        <field name="govcdm_parentdataentrystep" value="74aaf1ca-c96e-ef11-a671-001dd808e57d" lookupentity="govcdm_dataentrystep" lookupentityname="Building Inspection Checklist" />
        <field name="govcdm_validforcreate" value="166840001" />
        <field name="govcdm_dataentrystepid" value="1b5571b6-ca6e-ef11-a671-001dd808e57d" />
        <field name="govcdm_dataentrysteporder" value="4" />
        <field name="govcdm_dataentrytype" value="166840001" />
        <field name="govcdm_name" value="Electrical &amp;amp; Plumbing Systems" />
      </record>
      <record id="fd7596c2-ca6e-ef11-a671-001dd808e57d">
        <field name="govcdm_parentdataentrystep" value="74aaf1ca-c96e-ef11-a671-001dd808e57d" lookupentity="govcdm_dataentrystep" lookupentityname="Building Inspection Checklist" />
        <field name="govcdm_validforcreate" value="166840001" />
        <field name="govcdm_dataentrystepid" value="fd7596c2-ca6e-ef11-a671-001dd808e57d" />
        <field name="govcdm_dataentrysteporder" value="5" />
        <field name="govcdm_dataentrytype" value="166840001" />
        <field name="govcdm_name" value="Security Measures" />
      </record>
      <record id="812091c8-ca6e-ef11-a671-001dd808e57d">
        <field name="govcdm_parentdataentrystep" value="74aaf1ca-c96e-ef11-a671-001dd808e57d" lookupentity="govcdm_dataentrystep" lookupentityname="Building Inspection Checklist" />
        <field name="govcdm_validforcreate" value="166840001" />
        <field name="govcdm_dataentrystepid" value="812091c8-ca6e-ef11-a671-001dd808e57d" />
        <field name="govcdm_dataentrysteporder" value="6" />
        <field name="govcdm_dataentrytype" value="166840001" />
        <field name="govcdm_name" value="Emergency Preparedness" />
      </record>
      <record id="5ede9ece-ca6e-ef11-a671-001dd808e57d">
        <field name="govcdm_parentdataentrystep" value="74aaf1ca-c96e-ef11-a671-001dd808e57d" lookupentity="govcdm_dataentrystep" lookupentityname="Building Inspection Checklist" />
        <field name="govcdm_validforcreate" value="166840001" />
        <field name="govcdm_dataentrystepid" value="5ede9ece-ca6e-ef11-a671-001dd808e57d" />
        <field name="govcdm_dataentrysteporder" value="7" />
        <field name="govcdm_dataentrytype" value="166840001" />
        <field name="govcdm_name" value="Additional Comments" />
      </record>
      <record id="96a9007b-ce6e-ef11-a671-001dd808e57d">
        <field name="govcdm_parentdataentrystep" value="707f805c-ca6e-ef11-a671-001dd808e57d" lookupentity="govcdm_dataentrystep" lookupentityname="Building Exterior" />
        <field name="govcdm_validforcreate" value="166840001" />
        <field name="govcdm_dataentrystepid" value="96a9007b-ce6e-ef11-a671-001dd808e57d" />
        <field name="govcdm_dataentrysteporder" value="1" />
        <field name="govcdm_dataentrytype" value="166840001" />
        <field name="govcdm_name" value="Structural Condition" />
      </record>
    </records>
    <m2mrelationships />
  </entity>
  <entity name="govcdm_actionitem" displayname="Action Item">
    <records>
      <record id="67644cde-294d-f011-877a-001dd80bcb40">
        <field name="govcdm_actionstatus" value="166840000" />
        <field name="govcdm_actiontype" value="166840001" />
        <field name="activityid" value="67644cde-294d-f011-877a-001dd80bcb40" />
        <field name="statecode" value="0" />
        <field name="activitytypecode" value="govcdm_actionitem" />
        <field name="deliveryprioritycode" value="1" />
        <field name="govcdm_ispaused" value="166840000" />
        <field name="prioritycode" value="1" />
        <field name="govcdm_processstep" value="9381b1e6-822e-ef11-840a-001dd80278ec" lookupentity="govcdm_processstep" lookupentityname="Simple Approval (Example)" />
        <field name="statuscode" value="1" />
        <field name="subject" value="Simple Approval (Example)" />
        <field name="govcdm_virtualregardingid" value="DF568D26-00F1-EE11-904B-6045BD0747A3" />
        <field name="govcdm_virtualregardingtype" value="contacts" />
        <field name="bcc" value="" />
        <field name="cc" value="" />
        <field name="createdby" value="657885dc-ed41-f011-877a-001dd80a8725" lookupentity="systemuser" lookupentityname="Jeremy Hofmann" />
        <field name="customers" value="" />
        <field name="createdon" value="2025-06-19T16:24:33.0000000Z" />
        <field name="from" value="" />
        <field name="isbilled" value="False" />
        <field name="ismapiprivate" value="False" />
        <field name="isregularactivity" value="True" />
        <field name="isworkflowcreated" value="False" />
        <field name="modifiedon" value="2025-06-19T16:24:33.0000000Z" />
        <field name="leftvoicemail" value="False" />
        <field name="modifiedby" value="657885dc-ed41-f011-877a-001dd80a8725" lookupentity="systemuser" lookupentityname="Jeremy Hofmann" />
        <field name="optionalattendees" value="" />
        <field name="organizer" value="" />
        <field name="partners" value="" />
        <field name="ownerid" value="657885dc-ed41-f011-877a-001dd80a8725" lookupentity="systemuser" lookupentityname="Jeremy Hofmann" />
        <field name="owningbusinessunit" value="737185dc-ed41-f011-877a-001dd80a8725" lookupentity="businessunit" lookupentityname="orgfdd1e7d4" />
        <field name="owninguser" value="657885dc-ed41-f011-877a-001dd80a8725" lookupentity="systemuser" />
        <field name="instancetypecode" value="0" />
        <field name="requiredattendees" value="" />
        <field name="resources" value="" />
        <field name="to" value="" />
      </record>
      <record id="13543fea-294d-f011-877a-001dd80bcb40">
        <field name="govcdm_actionstatus" value="166840000" />
        <field name="govcdm_actiontype" value="166840009" />
        <field name="activityid" value="13543fea-294d-f011-877a-001dd80bcb40" />
        <field name="statecode" value="0" />
        <field name="activitytypecode" value="govcdm_actionitem" />
        <field name="deliveryprioritycode" value="1" />
        <field name="govcdm_ispaused" value="166840000" />
        <field name="prioritycode" value="1" />
        <field name="govcdm_processstep" value="f5d9f36f-476e-ef11-a671-001dd808e57d" lookupentity="govcdm_processstep" lookupentityname="Multi-Step Approval (Example)" />
        <field name="statuscode" value="1" />
        <field name="subject" value="Multi-Step Approval (Example)" />
        <field name="govcdm_virtualregardingid" value="D1568D26-00F1-EE11-904B-6045BD0747A3" />
        <field name="govcdm_virtualregardingtype" value="contacts" />
        <field name="bcc" value="" />
        <field name="cc" value="" />
        <field name="createdby" value="657885dc-ed41-f011-877a-001dd80a8725" lookupentity="systemuser" lookupentityname="Jeremy Hofmann" />
        <field name="customers" value="" />
        <field name="createdon" value="2025-06-19T16:24:48.0000000Z" />
        <field name="from" value="" />
        <field name="isbilled" value="False" />
        <field name="ismapiprivate" value="False" />
        <field name="isregularactivity" value="True" />
        <field name="isworkflowcreated" value="False" />
        <field name="modifiedon" value="2025-06-19T16:24:48.0000000Z" />
        <field name="leftvoicemail" value="False" />
        <field name="modifiedby" value="657885dc-ed41-f011-877a-001dd80a8725" lookupentity="systemuser" lookupentityname="Jeremy Hofmann" />
        <field name="optionalattendees" value="" />
        <field name="organizer" value="" />
        <field name="partners" value="" />
        <field name="ownerid" value="657885dc-ed41-f011-877a-001dd80a8725" lookupentity="systemuser" lookupentityname="Jeremy Hofmann" />
        <field name="owningbusinessunit" value="737185dc-ed41-f011-877a-001dd80a8725" lookupentity="businessunit" lookupentityname="orgfdd1e7d4" />
        <field name="owninguser" value="657885dc-ed41-f011-877a-001dd80a8725" lookupentity="systemuser" />
        <field name="instancetypecode" value="0" />
        <field name="requiredattendees" value="" />
        <field name="resources" value="" />
        <field name="to" value="" />
      </record>
      <record id="fb9a37f0-294d-f011-877a-001dd80bcb40">
        <field name="govcdm_actionstatus" value="166840000" />
        <field name="govcdm_actiontype" value="166840009" />
        <field name="activityid" value="fb9a37f0-294d-f011-877a-001dd80bcb40" />
        <field name="statecode" value="0" />
        <field name="activitytypecode" value="govcdm_actionitem" />
        <field name="deliveryprioritycode" value="1" />
        <field name="govcdm_ispaused" value="166840000" />
        <field name="prioritycode" value="1" />
        <field name="govcdm_processstep" value="27d35e31-c57d-ef11-a671-001dd808e57d" lookupentity="govcdm_processstep" lookupentityname="Letter of Recommendation" />
        <field name="statuscode" value="1" />
        <field name="subject" value="Letter of Recommendation" />
        <field name="govcdm_virtualregardingid" value="DB568D26-00F1-EE11-904B-6045BD0747A3" />
        <field name="govcdm_virtualregardingtype" value="contacts" />
        <field name="bcc" value="" />
        <field name="cc" value="" />
        <field name="createdby" value="657885dc-ed41-f011-877a-001dd80a8725" lookupentity="systemuser" lookupentityname="Jeremy Hofmann" />
        <field name="customers" value="" />
        <field name="createdon" value="2025-06-19T16:24:58.0000000Z" />
        <field name="from" value="" />
        <field name="isbilled" value="False" />
        <field name="ismapiprivate" value="False" />
        <field name="isregularactivity" value="True" />
        <field name="isworkflowcreated" value="False" />
        <field name="modifiedon" value="2025-06-19T16:24:58.0000000Z" />
        <field name="leftvoicemail" value="False" />
        <field name="modifiedby" value="657885dc-ed41-f011-877a-001dd80a8725" lookupentity="systemuser" lookupentityname="Jeremy Hofmann" />
        <field name="optionalattendees" value="" />
        <field name="organizer" value="" />
        <field name="partners" value="" />
        <field name="ownerid" value="657885dc-ed41-f011-877a-001dd80a8725" lookupentity="systemuser" lookupentityname="Jeremy Hofmann" />
        <field name="owningbusinessunit" value="737185dc-ed41-f011-877a-001dd80a8725" lookupentity="businessunit" lookupentityname="orgfdd1e7d4" />
        <field name="owninguser" value="657885dc-ed41-f011-877a-001dd80a8725" lookupentity="systemuser" />
        <field name="instancetypecode" value="0" />
        <field name="requiredattendees" value="" />
        <field name="resources" value="" />
        <field name="to" value="" />
      </record>
      <record id="f10837f6-294d-f011-877a-001dd80bcb40">
        <field name="govcdm_actionstatus" value="166840000" />
        <field name="govcdm_actiontype" value="166840009" />
        <field name="activityid" value="f10837f6-294d-f011-877a-001dd80bcb40" />
        <field name="statecode" value="0" />
        <field name="activitytypecode" value="govcdm_actionitem" />
        <field name="deliveryprioritycode" value="1" />
        <field name="govcdm_ispaused" value="166840000" />
        <field name="prioritycode" value="1" />
        <field name="govcdm_processstep" value="87a24b4e-72ec-ee11-904c-0022481df7e6" lookupentity="govcdm_processstep" lookupentityname="HR Onboarding Checklist" />
        <field name="statuscode" value="1" />
        <field name="subject" value="HR Onboarding Checklist" />
        <field name="govcdm_virtualregardingid" value="D3568D26-00F1-EE11-904B-6045BD0747A3" />
        <field name="govcdm_virtualregardingtype" value="contacts" />
        <field name="bcc" value="" />
        <field name="cc" value="" />
        <field name="createdby" value="657885dc-ed41-f011-877a-001dd80a8725" lookupentity="systemuser" lookupentityname="Jeremy Hofmann" />
        <field name="customers" value="" />
        <field name="createdon" value="2025-06-19T16:25:08.0000000Z" />
        <field name="from" value="" />
        <field name="isbilled" value="False" />
        <field name="ismapiprivate" value="False" />
        <field name="isregularactivity" value="True" />
        <field name="isworkflowcreated" value="False" />
        <field name="modifiedon" value="2025-06-19T16:25:08.0000000Z" />
        <field name="leftvoicemail" value="False" />
        <field name="modifiedby" value="657885dc-ed41-f011-877a-001dd80a8725" lookupentity="systemuser" lookupentityname="Jeremy Hofmann" />
        <field name="optionalattendees" value="" />
        <field name="organizer" value="" />
        <field name="partners" value="" />
        <field name="ownerid" value="657885dc-ed41-f011-877a-001dd80a8725" lookupentity="systemuser" lookupentityname="Jeremy Hofmann" />
        <field name="owningbusinessunit" value="737185dc-ed41-f011-877a-001dd80a8725" lookupentity="businessunit" lookupentityname="orgfdd1e7d4" />
        <field name="owninguser" value="657885dc-ed41-f011-877a-001dd80a8725" lookupentity="systemuser" />
        <field name="instancetypecode" value="0" />
        <field name="requiredattendees" value="" />
        <field name="resources" value="" />
        <field name="to" value="" />
      </record>
      <record id="66956b5c-2a4d-f011-877a-001dd80bcb40">
        <field name="govcdm_actionstatus" value="166840005" />
        <field name="govcdm_actiontype" value="166840001" />
        <field name="activityid" value="66956b5c-2a4d-f011-877a-001dd80bcb40" />
        <field name="statecode" value="0" />
        <field name="activitytypecode" value="govcdm_actionitem" />
        <field name="deliveryprioritycode" value="1" />
        <field name="govcdm_ispaused" value="166840000" />
        <field name="prioritycode" value="1" />
        <field name="govcdm_processstep" value="9381b1e6-822e-ef11-840a-001dd80278ec" lookupentity="govcdm_processstep" lookupentityname="Simple Approval (Example)" />
        <field name="statuscode" value="1" />
        <field name="subject" value="Simple Approval (Example)" />
        <field name="govcdm_virtualregardingid" value="C5568D26-00F1-EE11-904B-6045BD0747A3" />
        <field name="govcdm_virtualregardingtype" value="contacts" />
        <field name="bcc" value="" />
        <field name="cc" value="" />
        <field name="createdby" value="657885dc-ed41-f011-877a-001dd80a8725" lookupentity="systemuser" lookupentityname="Jeremy Hofmann" />
        <field name="customers" value="" />
        <field name="createdon" value="2025-06-19T16:28:02.0000000Z" />
        <field name="from" value="" />
        <field name="isbilled" value="False" />
        <field name="ismapiprivate" value="False" />
        <field name="isregularactivity" value="True" />
        <field name="isworkflowcreated" value="False" />
        <field name="modifiedon" value="2025-06-19T16:28:38.0000000Z" />
        <field name="leftvoicemail" value="False" />
        <field name="modifiedby" value="657885dc-ed41-f011-877a-001dd80a8725" lookupentity="systemuser" lookupentityname="Jeremy Hofmann" />
        <field name="optionalattendees" value="" />
        <field name="organizer" value="" />
        <field name="partners" value="" />
        <field name="ownerid" value="657885dc-ed41-f011-877a-001dd80a8725" lookupentity="systemuser" lookupentityname="Jeremy Hofmann" />
        <field name="owningbusinessunit" value="737185dc-ed41-f011-877a-001dd80a8725" lookupentity="businessunit" lookupentityname="orgfdd1e7d4" />
        <field name="owninguser" value="657885dc-ed41-f011-877a-001dd80a8725" lookupentity="systemuser" />
        <field name="instancetypecode" value="0" />
        <field name="requiredattendees" value="" />
        <field name="resources" value="" />
        <field name="to" value="" />
      </record>
      <record id="a74a537a-2a4d-f011-877a-001dd80bcb40">
        <field name="govcdm_actionstatus" value="166840000" />
        <field name="govcdm_actiontype" value="166840009" />
        <field name="activityid" value="a74a537a-2a4d-f011-877a-001dd80bcb40" />
        <field name="statecode" value="0" />
        <field name="activitytypecode" value="govcdm_actionitem" />
        <field name="deliveryprioritycode" value="1" />
        <field name="govcdm_ispaused" value="166840000" />
        <field name="prioritycode" value="1" />
        <field name="govcdm_processstep" value="f5d9f36f-476e-ef11-a671-001dd808e57d" lookupentity="govcdm_processstep" lookupentityname="Multi-Step Approval (Example)" />
        <field name="statuscode" value="1" />
        <field name="subject" value="Multi-Step Approval (Example)" />
        <field name="govcdm_virtualregardingid" value="E1568D26-00F1-EE11-904B-6045BD0747A3" />
        <field name="govcdm_virtualregardingtype" value="contacts" />
        <field name="bcc" value="" />
        <field name="cc" value="" />
        <field name="createdby" value="657885dc-ed41-f011-877a-001dd80a8725" lookupentity="systemuser" lookupentityname="Jeremy Hofmann" />
        <field name="customers" value="" />
        <field name="createdon" value="2025-06-19T16:28:50.0000000Z" />
        <field name="from" value="" />
        <field name="isbilled" value="False" />
        <field name="ismapiprivate" value="False" />
        <field name="isregularactivity" value="True" />
        <field name="isworkflowcreated" value="False" />
        <field name="modifiedon" value="2025-06-19T16:28:50.0000000Z" />
        <field name="leftvoicemail" value="False" />
        <field name="modifiedby" value="657885dc-ed41-f011-877a-001dd80a8725" lookupentity="systemuser" lookupentityname="Jeremy Hofmann" />
        <field name="optionalattendees" value="" />
        <field name="organizer" value="" />
        <field name="partners" value="" />
        <field name="ownerid" value="657885dc-ed41-f011-877a-001dd80a8725" lookupentity="systemuser" lookupentityname="Jeremy Hofmann" />
        <field name="owningbusinessunit" value="737185dc-ed41-f011-877a-001dd80a8725" lookupentity="businessunit" lookupentityname="orgfdd1e7d4" />
        <field name="owninguser" value="657885dc-ed41-f011-877a-001dd80a8725" lookupentity="systemuser" />
        <field name="instancetypecode" value="0" />
        <field name="requiredattendees" value="" />
        <field name="resources" value="" />
        <field name="to" value="" />
      </record>
      <record id="3d4829bc-2a4d-f011-877a-001dd80bcb40">
        <field name="govcdm_actionstatus" value="166840005" />
        <field name="activityid" value="3d4829bc-2a4d-f011-877a-001dd80bcb40" />
        <field name="statecode" value="0" />
        <field name="activitytypecode" value="govcdm_actionitem" />
        <field name="deliveryprioritycode" value="1" />
        <field name="govcdm_ispaused" value="166840000" />
        <field name="govcdm_parentactionitem" value="a74a537a-2a4d-f011-877a-001dd80bcb40" lookupentity="govcdm_actionitem" lookupentityname="Multi-Step Approval (Example)" />
        <field name="prioritycode" value="1" />
        <field name="govcdm_processstep" value="ea8220a6-476e-ef11-a671-001dd808e57d" lookupentity="govcdm_processstep" lookupentityname="Supervisor Approval" />
        <field name="statuscode" value="1" />
        <field name="subject" value="Supervisor Approval" />
        <field name="govcdm_virtualregardingid" value="E1568D26-00F1-EE11-904B-6045BD0747A3" />
        <field name="govcdm_virtualregardingtype" value="contacts" />
        <field name="bcc" value="" />
        <field name="cc" value="" />
        <field name="createdby" value="657885dc-ed41-f011-877a-001dd80a8725" lookupentity="systemuser" lookupentityname="Jeremy Hofmann" />
        <field name="customers" value="" />
        <field name="createdon" value="2025-06-19T16:30:40.0000000Z" />
        <field name="from" value="" />
        <field name="isbilled" value="False" />
        <field name="ismapiprivate" value="False" />
        <field name="isregularactivity" value="True" />
        <field name="isworkflowcreated" value="False" />
        <field name="modifiedon" value="2025-06-19T16:30:49.0000000Z" />
        <field name="leftvoicemail" value="False" />
        <field name="modifiedby" value="657885dc-ed41-f011-877a-001dd80a8725" lookupentity="systemuser" lookupentityname="Jeremy Hofmann" />
        <field name="optionalattendees" value="" />
        <field name="organizer" value="" />
        <field name="partners" value="" />
        <field name="ownerid" value="657885dc-ed41-f011-877a-001dd80a8725" lookupentity="systemuser" lookupentityname="Jeremy Hofmann" />
        <field name="owningbusinessunit" value="737185dc-ed41-f011-877a-001dd80a8725" lookupentity="businessunit" lookupentityname="orgfdd1e7d4" />
        <field name="owninguser" value="657885dc-ed41-f011-877a-001dd80a8725" lookupentity="systemuser" />
        <field name="govcdm_primaryactionitem" value="a74a537a-2a4d-f011-877a-001dd80bcb40" lookupentity="govcdm_actionitem" lookupentityname="Multi-Step Approval (Example)" />
        <field name="instancetypecode" value="0" />
        <field name="requiredattendees" value="" />
        <field name="resources" value="" />
        <field name="to" value="" />
      </record>
      <record id="ac9517c8-2a4d-f011-877a-001dd80bcb40">
        <field name="govcdm_actionstatus" value="166840000" />
        <field name="govcdm_actiontype" value="166840009" />
        <field name="activityid" value="ac9517c8-2a4d-f011-877a-001dd80bcb40" />
        <field name="statecode" value="0" />
        <field name="activitytypecode" value="govcdm_actionitem" />
        <field name="deliveryprioritycode" value="1" />
        <field name="govcdm_ispaused" value="166840000" />
        <field name="prioritycode" value="1" />
        <field name="govcdm_processstep" value="27d35e31-c57d-ef11-a671-001dd808e57d" lookupentity="govcdm_processstep" lookupentityname="Letter of Recommendation" />
        <field name="statuscode" value="1" />
        <field name="subject" value="Letter of Recommendation" />
        <field name="govcdm_virtualregardingid" value="E3568D26-00F1-EE11-904B-6045BD0747A3" />
        <field name="govcdm_virtualregardingtype" value="contacts" />
        <field name="bcc" value="" />
        <field name="cc" value="" />
        <field name="createdby" value="657885dc-ed41-f011-877a-001dd80a8725" lookupentity="systemuser" lookupentityname="Jeremy Hofmann" />
        <field name="customers" value="" />
        <field name="createdon" value="2025-06-19T16:31:04.0000000Z" />
        <field name="from" value="" />
        <field name="isbilled" value="False" />
        <field name="ismapiprivate" value="False" />
        <field name="isregularactivity" value="True" />
        <field name="isworkflowcreated" value="False" />
        <field name="modifiedon" value="2025-06-19T16:31:04.0000000Z" />
        <field name="leftvoicemail" value="False" />
        <field name="modifiedby" value="657885dc-ed41-f011-877a-001dd80a8725" lookupentity="systemuser" lookupentityname="Jeremy Hofmann" />
        <field name="optionalattendees" value="" />
        <field name="organizer" value="" />
        <field name="partners" value="" />
        <field name="ownerid" value="657885dc-ed41-f011-877a-001dd80a8725" lookupentity="systemuser" lookupentityname="Jeremy Hofmann" />
        <field name="owningbusinessunit" value="737185dc-ed41-f011-877a-001dd80a8725" lookupentity="businessunit" lookupentityname="orgfdd1e7d4" />
        <field name="owninguser" value="657885dc-ed41-f011-877a-001dd80a8725" lookupentity="systemuser" />
        <field name="instancetypecode" value="0" />
        <field name="requiredattendees" value="" />
        <field name="resources" value="" />
        <field name="to" value="" />
      </record>
      <record id="c7a114ce-2a4d-f011-877a-001dd80bcb40">
        <field name="govcdm_actionstatus" value="166840001" />
        <field name="activityid" value="c7a114ce-2a4d-f011-877a-001dd80bcb40" />
        <field name="statecode" value="0" />
        <field name="activitytypecode" value="govcdm_actionitem" />
        <field name="deliveryprioritycode" value="1" />
        <field name="govcdm_ispaused" value="166840000" />
        <field name="govcdm_parentactionitem" value="ac9517c8-2a4d-f011-877a-001dd80bcb40" lookupentity="govcdm_actionitem" lookupentityname="Letter of Recommendation" />
        <field name="prioritycode" value="1" />
        <field name="govcdm_processstep" value="7a520b16-8582-ef11-ac21-001dd808e57d" lookupentity="govcdm_processstep" lookupentityname="Prepare Letter of Recommendation" />
        <field name="statuscode" value="1" />
        <field name="subject" value="Prepare Letter of Recommendation" />
        <field name="govcdm_virtualregardingid" value="E3568D26-00F1-EE11-904B-6045BD0747A3" />
        <field name="govcdm_virtualregardingtype" value="contacts" />
        <field name="bcc" value="" />
        <field name="cc" value="" />
        <field name="createdby" value="657885dc-ed41-f011-877a-001dd80a8725" lookupentity="systemuser" lookupentityname="Jeremy Hofmann" />
        <field name="customers" value="" />
        <field name="createdon" value="2025-06-19T16:31:15.0000000Z" />
        <field name="from" value="" />
        <field name="isbilled" value="False" />
        <field name="ismapiprivate" value="False" />
        <field name="isregularactivity" value="True" />
        <field name="isworkflowcreated" value="False" />
        <field name="modifiedon" value="2025-06-19T16:31:15.0000000Z" />
        <field name="leftvoicemail" value="False" />
        <field name="modifiedby" value="657885dc-ed41-f011-877a-001dd80a8725" lookupentity="systemuser" lookupentityname="Jeremy Hofmann" />
        <field name="optionalattendees" value="" />
        <field name="organizer" value="" />
        <field name="partners" value="" />
        <field name="ownerid" value="657885dc-ed41-f011-877a-001dd80a8725" lookupentity="systemuser" lookupentityname="Jeremy Hofmann" />
        <field name="owningbusinessunit" value="737185dc-ed41-f011-877a-001dd80a8725" lookupentity="businessunit" lookupentityname="orgfdd1e7d4" />
        <field name="owninguser" value="657885dc-ed41-f011-877a-001dd80a8725" lookupentity="systemuser" />
        <field name="govcdm_primaryactionitem" value="ac9517c8-2a4d-f011-877a-001dd80bcb40" lookupentity="govcdm_actionitem" lookupentityname="Letter of Recommendation" />
        <field name="instancetypecode" value="0" />
        <field name="requiredattendees" value="" />
        <field name="resources" value="" />
        <field name="to" value="" />
      </record>
      <record id="8c87f60f-2b4d-f011-877a-001dd80bcb40">
        <field name="govcdm_actionstatus" value="166840000" />
        <field name="govcdm_actiontype" value="166840009" />
        <field name="activityid" value="8c87f60f-2b4d-f011-877a-001dd80bcb40" />
        <field name="statecode" value="0" />
        <field name="activitytypecode" value="govcdm_actionitem" />
        <field name="deliveryprioritycode" value="1" />
        <field name="govcdm_ispaused" value="166840000" />
        <field name="prioritycode" value="1" />
        <field name="govcdm_processstep" value="87a24b4e-72ec-ee11-904c-0022481df7e6" lookupentity="govcdm_processstep" lookupentityname="HR Onboarding Checklist" />
        <field name="statuscode" value="1" />
        <field name="subject" value="HR Onboarding Checklist" />
        <field name="govcdm_virtualregardingid" value="D7568D26-00F1-EE11-904B-6045BD0747A3" />
        <field name="govcdm_virtualregardingtype" value="contacts" />
        <field name="bcc" value="" />
        <field name="cc" value="" />
        <field name="createdby" value="657885dc-ed41-f011-877a-001dd80a8725" lookupentity="systemuser" lookupentityname="Jeremy Hofmann" />
        <field name="customers" value="" />
        <field name="createdon" value="2025-06-19T16:33:00.0000000Z" />
        <field name="from" value="" />
        <field name="isbilled" value="False" />
        <field name="ismapiprivate" value="False" />
        <field name="isregularactivity" value="True" />
        <field name="isworkflowcreated" value="False" />
        <field name="modifiedon" value="2025-06-19T16:33:00.0000000Z" />
        <field name="leftvoicemail" value="False" />
        <field name="modifiedby" value="657885dc-ed41-f011-877a-001dd80a8725" lookupentity="systemuser" lookupentityname="Jeremy Hofmann" />
        <field name="optionalattendees" value="" />
        <field name="organizer" value="" />
        <field name="partners" value="" />
        <field name="ownerid" value="657885dc-ed41-f011-877a-001dd80a8725" lookupentity="systemuser" lookupentityname="Jeremy Hofmann" />
        <field name="owningbusinessunit" value="737185dc-ed41-f011-877a-001dd80a8725" lookupentity="businessunit" lookupentityname="orgfdd1e7d4" />
        <field name="owninguser" value="657885dc-ed41-f011-877a-001dd80a8725" lookupentity="systemuser" />
        <field name="instancetypecode" value="0" />
        <field name="requiredattendees" value="" />
        <field name="resources" value="" />
        <field name="to" value="" />
      </record>
      <record id="a988f60f-2b4d-f011-877a-001dd80bcb40">
        <field name="govcdm_actionstatus" value="166840001" />
        <field name="activityid" value="a988f60f-2b4d-f011-877a-001dd80bcb40" />
        <field name="statecode" value="0" />
        <field name="activitytypecode" value="govcdm_actionitem" />
        <field name="deliveryprioritycode" value="1" />
        <field name="govcdm_ispaused" value="166840000" />
        <field name="govcdm_parentactionitem" value="8c87f60f-2b4d-f011-877a-001dd80bcb40" lookupentity="govcdm_actionitem" lookupentityname="HR Onboarding Checklist" />
        <field name="prioritycode" value="1" />
        <field name="govcdm_processstep" value="e5a1a713-e7f1-ee11-904b-000d3a3276a9" lookupentity="govcdm_processstep" lookupentityname="HR Admin Setup" />
        <field name="statuscode" value="1" />
        <field name="subject" value="HR Admin Setup" />
        <field name="govcdm_virtualregardingid" value="D7568D26-00F1-EE11-904B-6045BD0747A3" />
        <field name="govcdm_virtualregardingtype" value="contacts" />
        <field name="bcc" value="" />
        <field name="cc" value="" />
        <field name="createdby" value="657885dc-ed41-f011-877a-001dd80a8725" lookupentity="systemuser" lookupentityname="Jeremy Hofmann" />
        <field name="customers" value="" />
        <field name="createdon" value="2025-06-19T16:33:08.0000000Z" />
        <field name="from" value="" />
        <field name="isbilled" value="False" />
        <field name="ismapiprivate" value="False" />
        <field name="isregularactivity" value="True" />
        <field name="isworkflowcreated" value="False" />
        <field name="modifiedon" value="2025-06-19T16:33:08.0000000Z" />
        <field name="leftvoicemail" value="False" />
        <field name="modifiedby" value="657885dc-ed41-f011-877a-001dd80a8725" lookupentity="systemuser" lookupentityname="Jeremy Hofmann" />
        <field name="optionalattendees" value="" />
        <field name="organizer" value="" />
        <field name="partners" value="" />
        <field name="ownerid" value="657885dc-ed41-f011-877a-001dd80a8725" lookupentity="systemuser" lookupentityname="Jeremy Hofmann" />
        <field name="owningbusinessunit" value="737185dc-ed41-f011-877a-001dd80a8725" lookupentity="businessunit" lookupentityname="orgfdd1e7d4" />
        <field name="owninguser" value="657885dc-ed41-f011-877a-001dd80a8725" lookupentity="systemuser" />
        <field name="govcdm_primaryactionitem" value="8c87f60f-2b4d-f011-877a-001dd80bcb40" lookupentity="govcdm_actionitem" lookupentityname="HR Onboarding Checklist" />
        <field name="instancetypecode" value="0" />
        <field name="requiredattendees" value="" />
        <field name="resources" value="" />
        <field name="to" value="" />
      </record>
      <record id="c131f115-2b4d-f011-877a-001dd80bcb40">
        <field name="govcdm_actionstatus" value="166840005" />
        <field name="activityid" value="c131f115-2b4d-f011-877a-001dd80bcb40" />
        <field name="statecode" value="0" />
        <field name="activitytypecode" value="govcdm_actionitem" />
        <field name="deliveryprioritycode" value="1" />
        <field name="govcdm_ispaused" value="166840000" />
        <field name="govcdm_parentactionitem" value="a988f60f-2b4d-f011-877a-001dd80bcb40" lookupentity="govcdm_actionitem" lookupentityname="HR Admin Setup" />
        <field name="prioritycode" value="1" />
        <field name="govcdm_processstep" value="54c4eced-e6f1-ee11-904b-000d3a3276a9" lookupentity="govcdm_processstep" lookupentityname="Collect Personnel Info" />
        <field name="statuscode" value="1" />
        <field name="subject" value="Collect Personnel Info" />
        <field name="govcdm_virtualregardingid" value="D7568D26-00F1-EE11-904B-6045BD0747A3" />
        <field name="govcdm_virtualregardingtype" value="contacts" />
        <field name="bcc" value="" />
        <field name="cc" value="" />
        <field name="createdby" value="657885dc-ed41-f011-877a-001dd80a8725" lookupentity="systemuser" lookupentityname="Jeremy Hofmann" />
        <field name="customers" value="" />
        <field name="createdon" value="2025-06-19T16:33:15.0000000Z" />
        <field name="from" value="" />
        <field name="isbilled" value="False" />
        <field name="ismapiprivate" value="False" />
        <field name="isregularactivity" value="True" />
        <field name="isworkflowcreated" value="False" />
        <field name="modifiedon" value="2025-06-19T16:33:17.0000000Z" />
        <field name="leftvoicemail" value="False" />
        <field name="modifiedby" value="657885dc-ed41-f011-877a-001dd80a8725" lookupentity="systemuser" lookupentityname="Jeremy Hofmann" />
        <field name="optionalattendees" value="" />
        <field name="organizer" value="" />
        <field name="partners" value="" />
        <field name="ownerid" value="657885dc-ed41-f011-877a-001dd80a8725" lookupentity="systemuser" lookupentityname="Jeremy Hofmann" />
        <field name="owningbusinessunit" value="737185dc-ed41-f011-877a-001dd80a8725" lookupentity="businessunit" lookupentityname="orgfdd1e7d4" />
        <field name="owninguser" value="657885dc-ed41-f011-877a-001dd80a8725" lookupentity="systemuser" />
        <field name="govcdm_primaryactionitem" value="8c87f60f-2b4d-f011-877a-001dd80bcb40" lookupentity="govcdm_actionitem" lookupentityname="HR Onboarding Checklist" />
        <field name="instancetypecode" value="0" />
        <field name="requiredattendees" value="" />
        <field name="resources" value="" />
        <field name="to" value="" />
      </record>
      <record id="7c78e91b-2b4d-f011-877a-001dd80bcb40">
        <field name="govcdm_actionstatus" value="166840005" />
        <field name="activityid" value="7c78e91b-2b4d-f011-877a-001dd80bcb40" />
        <field name="statecode" value="0" />
        <field name="activitytypecode" value="govcdm_actionitem" />
        <field name="deliveryprioritycode" value="1" />
        <field name="govcdm_ispaused" value="166840000" />
        <field name="govcdm_parentactionitem" value="a988f60f-2b4d-f011-877a-001dd80bcb40" lookupentity="govcdm_actionitem" lookupentityname="HR Admin Setup" />
        <field name="prioritycode" value="1" />
        <field name="govcdm_processstep" value="818b9400-e7f1-ee11-904b-000d3a3276a9" lookupentity="govcdm_processstep" lookupentityname="Setup Payroll" />
        <field name="statuscode" value="1" />
        <field name="subject" value="Setup Payroll" />
        <field name="govcdm_virtualregardingid" value="D7568D26-00F1-EE11-904B-6045BD0747A3" />
        <field name="govcdm_virtualregardingtype" value="contacts" />
        <field name="bcc" value="" />
        <field name="cc" value="" />
        <field name="createdby" value="657885dc-ed41-f011-877a-001dd80a8725" lookupentity="systemuser" lookupentityname="Jeremy Hofmann" />
        <field name="customers" value="" />
        <field name="createdon" value="2025-06-19T16:33:22.0000000Z" />
        <field name="from" value="" />
        <field name="isbilled" value="False" />
        <field name="ismapiprivate" value="False" />
        <field name="isregularactivity" value="True" />
        <field name="isworkflowcreated" value="False" />
        <field name="modifiedon" value="2025-06-19T16:33:23.0000000Z" />
        <field name="leftvoicemail" value="False" />
        <field name="modifiedby" value="657885dc-ed41-f011-877a-001dd80a8725" lookupentity="systemuser" lookupentityname="Jeremy Hofmann" />
        <field name="optionalattendees" value="" />
        <field name="organizer" value="" />
        <field name="partners" value="" />
        <field name="ownerid" value="657885dc-ed41-f011-877a-001dd80a8725" lookupentity="systemuser" lookupentityname="Jeremy Hofmann" />
        <field name="owningbusinessunit" value="737185dc-ed41-f011-877a-001dd80a8725" lookupentity="businessunit" lookupentityname="orgfdd1e7d4" />
        <field name="owninguser" value="657885dc-ed41-f011-877a-001dd80a8725" lookupentity="systemuser" />
        <field name="govcdm_primaryactionitem" value="8c87f60f-2b4d-f011-877a-001dd80bcb40" lookupentity="govcdm_actionitem" lookupentityname="HR Onboarding Checklist" />
        <field name="instancetypecode" value="0" />
        <field name="requiredattendees" value="" />
        <field name="resources" value="" />
        <field name="to" value="" />
      </record>
      <record id="6168d245-2b4d-f011-877a-001dd80bcb40">
        <field name="govcdm_actionstatus" value="166840000" />
        <field name="govcdm_actiontype" value="166840009" />
        <field name="activityid" value="6168d245-2b4d-f011-877a-001dd80bcb40" />
        <field name="statecode" value="0" />
        <field name="activitytypecode" value="govcdm_actionitem" />
        <field name="deliveryprioritycode" value="1" />
        <field name="govcdm_ispaused" value="166840000" />
        <field name="prioritycode" value="1" />
        <field name="govcdm_processstep" value="27d35e31-c57d-ef11-a671-001dd808e57d" lookupentity="govcdm_processstep" lookupentityname="Letter of Recommendation" />
        <field name="statuscode" value="1" />
        <field name="subject" value="Letter of Recommendation" />
        <field name="govcdm_virtualregardingid" value="D5568D26-00F1-EE11-904B-6045BD0747A3" />
        <field name="govcdm_virtualregardingtype" value="contacts" />
        <field name="bcc" value="" />
        <field name="cc" value="" />
        <field name="createdby" value="657885dc-ed41-f011-877a-001dd80a8725" lookupentity="systemuser" lookupentityname="Jeremy Hofmann" />
        <field name="customers" value="" />
        <field name="createdon" value="2025-06-19T16:34:31.0000000Z" />
        <field name="from" value="" />
        <field name="isbilled" value="False" />
        <field name="ismapiprivate" value="False" />
        <field name="isregularactivity" value="True" />
        <field name="isworkflowcreated" value="False" />
        <field name="modifiedon" value="2025-06-19T16:34:31.0000000Z" />
        <field name="leftvoicemail" value="False" />
        <field name="modifiedby" value="657885dc-ed41-f011-877a-001dd80a8725" lookupentity="systemuser" lookupentityname="Jeremy Hofmann" />
        <field name="optionalattendees" value="" />
        <field name="organizer" value="" />
        <field name="partners" value="" />
        <field name="ownerid" value="657885dc-ed41-f011-877a-001dd80a8725" lookupentity="systemuser" lookupentityname="Jeremy Hofmann" />
        <field name="owningbusinessunit" value="737185dc-ed41-f011-877a-001dd80a8725" lookupentity="businessunit" lookupentityname="orgfdd1e7d4" />
        <field name="owninguser" value="657885dc-ed41-f011-877a-001dd80a8725" lookupentity="systemuser" />
        <field name="instancetypecode" value="0" />
        <field name="requiredattendees" value="" />
        <field name="resources" value="" />
        <field name="to" value="" />
      </record>
      <record id="c768d245-2b4d-f011-877a-001dd80bcb40">
        <field name="govcdm_actionstatus" value="166840000" />
        <field name="govcdm_actiontype" value="166840009" />
        <field name="activityid" value="c768d245-2b4d-f011-877a-001dd80bcb40" />
        <field name="statecode" value="0" />
        <field name="activitytypecode" value="govcdm_actionitem" />
        <field name="deliveryprioritycode" value="1" />
        <field name="govcdm_ispaused" value="166840000" />
        <field name="prioritycode" value="1" />
        <field name="govcdm_processstep" value="87a24b4e-72ec-ee11-904c-0022481df7e6" lookupentity="govcdm_processstep" lookupentityname="HR Onboarding Checklist" />
        <field name="statuscode" value="1" />
        <field name="subject" value="HR Onboarding Checklist" />
        <field name="govcdm_virtualregardingid" value="D5568D26-00F1-EE11-904B-6045BD0747A3" />
        <field name="govcdm_virtualregardingtype" value="contacts" />
        <field name="bcc" value="" />
        <field name="cc" value="" />
        <field name="createdby" value="657885dc-ed41-f011-877a-001dd80a8725" lookupentity="systemuser" lookupentityname="Jeremy Hofmann" />
        <field name="customers" value="" />
        <field name="createdon" value="2025-06-19T16:34:37.0000000Z" />
        <field name="from" value="" />
        <field name="isbilled" value="False" />
        <field name="ismapiprivate" value="False" />
        <field name="isregularactivity" value="True" />
        <field name="isworkflowcreated" value="False" />
        <field name="modifiedon" value="2025-06-19T16:34:37.0000000Z" />
        <field name="leftvoicemail" value="False" />
        <field name="modifiedby" value="657885dc-ed41-f011-877a-001dd80a8725" lookupentity="systemuser" lookupentityname="Jeremy Hofmann" />
        <field name="optionalattendees" value="" />
        <field name="organizer" value="" />
        <field name="partners" value="" />
        <field name="ownerid" value="657885dc-ed41-f011-877a-001dd80a8725" lookupentity="systemuser" lookupentityname="Jeremy Hofmann" />
        <field name="owningbusinessunit" value="737185dc-ed41-f011-877a-001dd80a8725" lookupentity="businessunit" lookupentityname="orgfdd1e7d4" />
        <field name="owninguser" value="657885dc-ed41-f011-877a-001dd80a8725" lookupentity="systemuser" />
        <field name="instancetypecode" value="0" />
        <field name="requiredattendees" value="" />
        <field name="resources" value="" />
        <field name="to" value="" />
      </record>
    </records>
    <m2mrelationships />
  </entity>
  <entity name="govcdm_contenttemplate" displayname="Content Template">
    <records>
      <record id="501e7094-3f45-f011-877a-001dd80bcb40">
        <field name="govcdm_contenttemplateid" value="501e7094-3f45-f011-877a-001dd80bcb40" />
        <field name="govcdm_name" value="Letter of Recommendation" />
        <field name="govcdm_sharepointfilepath" value="/Shared Documents/Templates/Template - Letter of Recommendation.docx" />
        <field name="govcdm_sharepointsite" value="https://REPLACE-WITH-YOUR-ORG/sites/REPLACE-WITH-YOUR-SITE" />
      </record>
    </records>
    <m2mrelationships />
  </entity>
  <entity name="govcdm_collaborationspace" displayname="Collaboration Space">
    <records>
      <record id="8eaf1252-7e45-f011-877a-001dd80c2ad5">
        <field name="govcdm_collaborationspaceid" value="8eaf1252-7e45-f011-877a-001dd80c2ad5" />
        <field name="govcdm_collaborationspacetype" value="166840003" />
        <field name="govcdm_name" value="New HR Team Channel" />
        <field name="govcdm_teamid" value="REPLACE-WITH-TEAM-GUID" />
      </record>
    </records>
    <m2mrelationships />
  </entity>
</entities>