﻿<?xml version="1.0" encoding="utf-8"?>
<ImportExportXml version="9.2.24032.208" SolutionPackageVersion="9.2" languagecode="1033" generatedBy="CrmLive" xmlns:xsi="http://www.w3.org/2001/XMLSchema-instance">
  <SolutionManifest>
    <UniqueName>msfed_personnelsecurity</UniqueName>
    <LocalizedNames>
      <LocalizedName description="Microsoft Federal - Personnel Security" languagecode="1033" />
    </LocalizedNames>
    <Descriptions />
    <Version>1.0.0.0</Version>
    <Managed>0</Managed>
    <Publisher>
      <UniqueName>microsoftfederal</UniqueName>
      <LocalizedNames>
        <LocalizedName description="Microsoft Federal" languagecode="1033" />
      </LocalizedNames>
      <Descriptions>
        <Description description="microsoftfederal" languagecode="1033" />
      </Descriptions>
      <EMailAddress xsi:nil="true"></EMailAddress>
      <SupportingWebsiteUrl xsi:nil="true"></SupportingWebsiteUrl>
      <CustomizationPrefix>msfed</CustomizationPrefix>
      <CustomizationOptionValuePrefix>18844</CustomizationOptionValuePrefix>
      <Addresses>
        <Address>
          <AddressNumber>1</AddressNumber>
          <AddressTypeCode>1</AddressTypeCode>
          <City xsi:nil="true"></City>
          <County xsi:nil="true"></County>
          <Country xsi:nil="true"></Country>
          <Fax xsi:nil="true"></Fax>
          <FreightTermsCode xsi:nil="true"></FreightTermsCode>
          <ImportSequenceNumber xsi:nil="true"></ImportSequenceNumber>
          <Latitude xsi:nil="true"></Latitude>
          <Line1 xsi:nil="true"></Line1>
          <Line2 xsi:nil="true"></Line2>
          <Line3 xsi:nil="true"></Line3>
          <Longitude xsi:nil="true"></Longitude>
          <Name xsi:nil="true"></Name>
          <PostalCode xsi:nil="true"></PostalCode>
          <PostOfficeBox xsi:nil="true"></PostOfficeBox>
          <PrimaryContactName xsi:nil="true"></PrimaryContactName>
          <ShippingMethodCode>1</ShippingMethodCode>
          <StateOrProvince xsi:nil="true"></StateOrProvince>
          <Telephone1 xsi:nil="true"></Telephone1>
          <Telephone2 xsi:nil="true"></Telephone2>
          <Telephone3 xsi:nil="true"></Telephone3>
          <TimeZoneRuleVersionNumber xsi:nil="true"></TimeZoneRuleVersionNumber>
          <UPSZone xsi:nil="true"></UPSZone>
          <UTCOffset xsi:nil="true"></UTCOffset>
          <UTCConversionTimeZoneCode xsi:nil="true"></UTCConversionTimeZoneCode>
        </Address>
        <Address>
          <AddressNumber>2</AddressNumber>
          <AddressTypeCode>1</AddressTypeCode>
          <City xsi:nil="true"></City>
          <County xsi:nil="true"></County>
          <Country xsi:nil="true"></Country>
          <Fax xsi:nil="true"></Fax>
          <FreightTermsCode xsi:nil="true"></FreightTermsCode>
          <ImportSequenceNumber xsi:nil="true"></ImportSequenceNumber>
          <Latitude xsi:nil="true"></Latitude>
          <Line1 xsi:nil="true"></Line1>
          <Line2 xsi:nil="true"></Line2>
          <Line3 xsi:nil="true"></Line3>
          <Longitude xsi:nil="true"></Longitude>
          <Name xsi:nil="true"></Name>
          <PostalCode xsi:nil="true"></PostalCode>
          <PostOfficeBox xsi:nil="true"></PostOfficeBox>
          <PrimaryContactName xsi:nil="true"></PrimaryContactName>
          <ShippingMethodCode>1</ShippingMethodCode>
          <StateOrProvince xsi:nil="true"></StateOrProvince>
          <Telephone1 xsi:nil="true"></Telephone1>
          <Telephone2 xsi:nil="true"></Telephone2>
          <Telephone3 xsi:nil="true"></Telephone3>
          <TimeZoneRuleVersionNumber xsi:nil="true"></TimeZoneRuleVersionNumber>
          <UPSZone xsi:nil="true"></UPSZone>
          <UTCOffset xsi:nil="true"></UTCOffset>
          <UTCConversionTimeZoneCode xsi:nil="true"></UTCConversionTimeZoneCode>
        </Address>
      </Addresses>
    </Publisher>
    <RootComponents>
      <RootComponent type="1" schemaName="govcdm_personneladjudication" behavior="2" />
      <RootComponent type="1" schemaName="govcdm_personnelbackgroundinvestigation" behavior="2" />
      <RootComponent type="1" schemaName="govcdm_personnelbadgerequest" behavior="2" />
      <RootComponent type="1" schemaName="govcdm_personnelforeigncontact" behavior="2" />
      <RootComponent type="1" schemaName="govcdm_personnelforeigntravel" behavior="2" />
      <RootComponent type="1" schemaName="govcdm_personnelpassport" behavior="2" />
      <RootComponent type="1" schemaName="govcdm_personnelreportablelifeevent" behavior="2" />
      <RootComponent type="1" schemaName="govcdm_personnelvisitorrequest" behavior="2" />
      <RootComponent type="62" schemaName="msfed_PersonnelSecurity" behavior="0" />
      <RootComponent type="80" schemaName="msfed_PersonnelSecurity" behavior="0" />
    </RootComponents>
    <MissingDependencies>
      <MissingDependency>
        <Required type="1" schemaName="govcdm_personneladjudication" displayName="Personnel Adjudication" solution="govcdm_personnelsecurity (1.0.0.0)" />
        <Dependent type="1" schemaName="govcdm_personneladjudication" displayName="Personnel Adjudication" />
      </MissingDependency>
      <MissingDependency>
        <Required type="1" schemaName="govcdm_personneladjudication" displayName="Personnel Adjudication" solution="govcdm_personnelsecurity (1.0.0.0)" />
        <Dependent type="60" displayName="Main" parentDisplayName="Personnel Adjudication" id="{76ec80ec-4bf1-ee11-904b-000d3a8cbc95}" />
      </MissingDependency>
      <MissingDependency>
        <Required type="1" schemaName="govcdm_personneladjudication" displayName="Personnel Adjudication" solution="govcdm_personnelsecurity (1.0.0.0)" />
        <Dependent type="62" schemaName="msfed_PersonnelSecurity" />
      </MissingDependency>
      <MissingDependency>
        <Required type="1" schemaName="govcdm_personneladjudication" displayName="Personnel Adjudication" solution="govcdm_personnelsecurity (1.0.0.0)" />
        <Dependent type="80" schemaName="msfed_PersonnelSecurity" displayName="Personnel Security" />
      </MissingDependency>
      <MissingDependency>
        <Required type="1" schemaName="govcdm_personnelbackgroundinvestigation" displayName="Personnel Background Investigation" solution="govcdm_personnelsecurity (1.0.0.0)" />
        <Dependent type="1" schemaName="govcdm_personnelbackgroundinvestigation" displayName="Personnel Background Investigation" />
      </MissingDependency>
      <MissingDependency>
        <Required type="1" schemaName="govcdm_personnelbackgroundinvestigation" displayName="Personnel Background Investigation" solution="govcdm_personnelsecurity (1.0.0.0)" />
        <Dependent type="60" displayName="Main" parentDisplayName="Personnel Background Investigation" id="{77349620-4cf1-ee11-904b-000d3a8cbc95}" />
      </MissingDependency>
      <MissingDependency>
        <Required type="1" schemaName="govcdm_personnelbackgroundinvestigation" displayName="Personnel Background Investigation" solution="govcdm_personnelsecurity (1.0.0.0)" />
        <Dependent type="62" schemaName="msfed_PersonnelSecurity" />
      </MissingDependency>
      <MissingDependency>
        <Required type="1" schemaName="govcdm_personnelbackgroundinvestigation" displayName="Personnel Background Investigation" solution="govcdm_personnelsecurity (1.0.0.0)" />
        <Dependent type="80" schemaName="msfed_PersonnelSecurity" displayName="Personnel Security" />
      </MissingDependency>
      <MissingDependency>
        <Required type="1" schemaName="govcdm_personnelbadgerequest" displayName="Personnel Badge Request" solution="govcdm_personnelsecurity (1.0.0.0)" />
        <Dependent type="1" schemaName="govcdm_personnelbadgerequest" displayName="Personnel Badge Request" />
      </MissingDependency>
      <MissingDependency>
        <Required type="1" schemaName="govcdm_personnelbadgerequest" displayName="Personnel Badge Request" solution="govcdm_personnelsecurity (1.0.0.0)" />
        <Dependent type="60" displayName="Main" parentDisplayName="Personnel Badge Request" id="{d7fa7e35-4cf1-ee11-904b-000d3a8cbc95}" />
      </MissingDependency>
      <MissingDependency>
        <Required type="1" schemaName="govcdm_personnelbadgerequest" displayName="Personnel Badge Request" solution="govcdm_personnelsecurity (1.0.0.0)" />
        <Dependent type="62" schemaName="msfed_PersonnelSecurity" />
      </MissingDependency>
      <MissingDependency>
        <Required type="1" schemaName="govcdm_personnelbadgerequest" displayName="Personnel Badge Request" solution="govcdm_personnelsecurity (1.0.0.0)" />
        <Dependent type="80" schemaName="msfed_PersonnelSecurity" displayName="Personnel Security" />
      </MissingDependency>
      <MissingDependency>
        <Required type="1" schemaName="govcdm_personnelforeigncontact" displayName="Personnel Foreign Contact" solution="govcdm_personnelsecurity (1.0.0.0)" />
        <Dependent type="1" schemaName="govcdm_personnelforeigncontact" displayName="Personnel Foreign Contact" />
      </MissingDependency>
      <MissingDependency>
        <Required type="1" schemaName="govcdm_personnelforeigncontact" displayName="Personnel Foreign Contact" solution="govcdm_personnelsecurity (1.0.0.0)" />
        <Dependent type="60" displayName="Main" parentDisplayName="Personnel Foreign Contact" id="{e9e7385a-bff1-ee11-904b-000d3a8cbc95}" />
      </MissingDependency>
      <MissingDependency>
        <Required type="1" schemaName="govcdm_personnelforeigncontact" displayName="Personnel Foreign Contact" solution="govcdm_personnelsecurity (1.0.0.0)" />
        <Dependent type="62" schemaName="msfed_PersonnelSecurity" />
      </MissingDependency>
      <MissingDependency>
        <Required type="1" schemaName="govcdm_personnelforeigncontact" displayName="Personnel Foreign Contact" solution="govcdm_personnelsecurity (1.0.0.0)" />
        <Dependent type="80" schemaName="msfed_PersonnelSecurity" displayName="Personnel Security" />
      </MissingDependency>
      <MissingDependency>
        <Required type="1" schemaName="govcdm_personnelforeigntravel" displayName="Personnel Foreign Travel" solution="govcdm_personnelsecurity (1.0.0.0)" />
        <Dependent type="1" schemaName="govcdm_personnelforeigntravel" displayName="Personnel Foreign Travel" />
      </MissingDependency>
      <MissingDependency>
        <Required type="1" schemaName="govcdm_personnelforeigntravel" displayName="Personnel Foreign Travel" solution="govcdm_personnelsecurity (1.0.0.0)" />
        <Dependent type="60" displayName="Main" parentDisplayName="Personnel Foreign Travel" id="{761a4198-bff1-ee11-904b-000d3a8cbc95}" />
      </MissingDependency>
      <MissingDependency>
        <Required type="1" schemaName="govcdm_personnelforeigntravel" displayName="Personnel Foreign Travel" solution="govcdm_personnelsecurity (1.0.0.0)" />
        <Dependent type="62" schemaName="msfed_PersonnelSecurity" />
      </MissingDependency>
      <MissingDependency>
        <Required type="1" schemaName="govcdm_personnelforeigntravel" displayName="Personnel Foreign Travel" solution="govcdm_personnelsecurity (1.0.0.0)" />
        <Dependent type="80" schemaName="msfed_PersonnelSecurity" displayName="Personnel Security" />
      </MissingDependency>
      <MissingDependency>
        <Required type="1" schemaName="govcdm_personnelpassport" displayName="Personnel Passport" solution="govcdm_personnelsecurity (1.0.0.0)" />
        <Dependent type="1" schemaName="govcdm_personnelpassport" displayName="Personnel Passport" />
      </MissingDependency>
      <MissingDependency>
        <Required type="1" schemaName="govcdm_personnelpassport" displayName="Personnel Passport" solution="govcdm_personnelsecurity (1.0.0.0)" />
        <Dependent type="60" displayName="Main" parentDisplayName="Personnel Passport" id="{051eac62-c3f1-ee11-904b-000d3a8cbc95}" />
      </MissingDependency>
      <MissingDependency>
        <Required type="1" schemaName="govcdm_personnelpassport" displayName="Personnel Passport" solution="govcdm_personnelsecurity (1.0.0.0)" />
        <Dependent type="62" schemaName="msfed_PersonnelSecurity" />
      </MissingDependency>
      <MissingDependency>
        <Required type="1" schemaName="govcdm_personnelpassport" displayName="Personnel Passport" solution="govcdm_personnelsecurity (1.0.0.0)" />
        <Dependent type="80" schemaName="msfed_PersonnelSecurity" displayName="Personnel Security" />
      </MissingDependency>
      <MissingDependency>
        <Required type="1" schemaName="govcdm_personnelreportablelifeevent" displayName="Personnel Reportable Life Event" solution="govcdm_personnelsecurity (1.0.0.0)" />
        <Dependent type="1" schemaName="govcdm_personnelreportablelifeevent" displayName="Personnel Reportable Life Event" />
      </MissingDependency>
      <MissingDependency>
        <Required type="1" schemaName="govcdm_personnelreportablelifeevent" displayName="Personnel Reportable Life Event" solution="govcdm_personnelsecurity (1.0.0.0)" />
        <Dependent type="60" displayName="Main" parentDisplayName="Personnel Reportable Life Event" id="{6a42a8ba-c3f1-ee11-904b-000d3a8cbc95}" />
      </MissingDependency>
      <MissingDependency>
        <Required type="1" schemaName="govcdm_personnelreportablelifeevent" displayName="Personnel Reportable Life Event" solution="govcdm_personnelsecurity (1.0.0.0)" />
        <Dependent type="62" schemaName="msfed_PersonnelSecurity" />
      </MissingDependency>
      <MissingDependency>
        <Required type="1" schemaName="govcdm_personnelreportablelifeevent" displayName="Personnel Reportable Life Event" solution="govcdm_personnelsecurity (1.0.0.0)" />
        <Dependent type="80" schemaName="msfed_PersonnelSecurity" displayName="Personnel Security" />
      </MissingDependency>
      <MissingDependency>
        <Required type="1" schemaName="govcdm_personnelvisitorrequest" displayName="Personnel Visitor Request" solution="govcdm_personnelsecurity (1.0.0.0)" />
        <Dependent type="1" schemaName="govcdm_personnelvisitorrequest" displayName="Personnel Visitor Request" />
      </MissingDependency>
      <MissingDependency>
        <Required type="1" schemaName="govcdm_personnelvisitorrequest" displayName="Personnel Visitor Request" solution="govcdm_personnelsecurity (1.0.0.0)" />
        <Dependent type="60" displayName="Main" parentDisplayName="Personnel Visitor Request" id="{91b548db-c3f1-ee11-904b-000d3a8cbc95}" />
      </MissingDependency>
      <MissingDependency>
        <Required type="1" schemaName="govcdm_personnelvisitorrequest" displayName="Personnel Visitor Request" solution="govcdm_personnelsecurity (1.0.0.0)" />
        <Dependent type="62" schemaName="msfed_PersonnelSecurity" />
      </MissingDependency>
      <MissingDependency>
        <Required type="1" schemaName="govcdm_personnelvisitorrequest" displayName="Personnel Visitor Request" solution="govcdm_personnelsecurity (1.0.0.0)" />
        <Dependent type="80" schemaName="msfed_PersonnelSecurity" displayName="Personnel Security" />
      </MissingDependency>
      <MissingDependency>
        <Required type="10" schemaName="govcdm_govcdm_personnelbackgroundinvestigation_P" displayName="govcdm_govcdm_personnelbackgroundinvestigation_P" parentSchemaName="govcdm_personneladjudication" parentDisplayName="Personnel Adjudication" solution="govcdm_personnelsecurity (1.0.0.0)" />
        <Dependent type="60" displayName="Main" parentDisplayName="Personnel Background Investigation" id="{77349620-4cf1-ee11-904b-000d3a8cbc95}" />
      </MissingDependency>
      <MissingDependency>
        <Required type="2" schemaName="govcdm_name" displayName="Name" parentSchemaName="govcdm_personneladjudication" parentDisplayName="Personnel Adjudication" solution="govcdm_personnelsecurity (1.0.0.0)" />
        <Dependent type="60" displayName="Main" parentDisplayName="Personnel Adjudication" id="{76ec80ec-4bf1-ee11-904b-000d3a8cbc95}" />
      </MissingDependency>
      <MissingDependency>
        <Required type="2" schemaName="govcdm_name" displayName="Name" parentSchemaName="govcdm_personnelbackgroundinvestigation" parentDisplayName="Personnel Background Investigation" solution="govcdm_personnelsecurity (1.0.0.0)" />
        <Dependent type="60" displayName="Main" parentDisplayName="Personnel Background Investigation" id="{77349620-4cf1-ee11-904b-000d3a8cbc95}" />
      </MissingDependency>
      <MissingDependency>
        <Required type="2" schemaName="govcdm_name" displayName="Name" parentSchemaName="govcdm_personnelbadgerequest" parentDisplayName="Personnel Badge Request" solution="govcdm_personnelsecurity (1.0.0.0)" />
        <Dependent type="60" displayName="Main" parentDisplayName="Personnel Badge Request" id="{d7fa7e35-4cf1-ee11-904b-000d3a8cbc95}" />
      </MissingDependency>
      <MissingDependency>
        <Required type="2" schemaName="govcdm_name" displayName="Name" parentSchemaName="govcdm_personnelforeigncontact" parentDisplayName="Personnel Foreign Contact" solution="govcdm_personnelsecurity (1.0.0.0)" />
        <Dependent type="60" displayName="Main" parentDisplayName="Personnel Foreign Contact" id="{e9e7385a-bff1-ee11-904b-000d3a8cbc95}" />
      </MissingDependency>
      <MissingDependency>
        <Required type="2" schemaName="govcdm_name" displayName="Name" parentSchemaName="govcdm_personnelforeigntravel" parentDisplayName="Personnel Foreign Travel" solution="govcdm_personnelsecurity (1.0.0.0)" />
        <Dependent type="60" displayName="Main" parentDisplayName="Personnel Foreign Travel" id="{761a4198-bff1-ee11-904b-000d3a8cbc95}" />
      </MissingDependency>
      <MissingDependency>
        <Required type="2" schemaName="govcdm_name" displayName="Name" parentSchemaName="govcdm_personnelpassport" parentDisplayName="Personnel Passport" solution="govcdm_personnelsecurity (1.0.0.0)" />
        <Dependent type="60" displayName="Main" parentDisplayName="Personnel Passport" id="{051eac62-c3f1-ee11-904b-000d3a8cbc95}" />
      </MissingDependency>
      <MissingDependency>
        <Required type="2" schemaName="govcdm_name" displayName="Name" parentSchemaName="govcdm_personnelreportablelifeevent" parentDisplayName="Personnel Reportable Life Event" solution="govcdm_personnelsecurity (1.0.0.0)" />
        <Dependent type="60" displayName="Main" parentDisplayName="Personnel Reportable Life Event" id="{6a42a8ba-c3f1-ee11-904b-000d3a8cbc95}" />
      </MissingDependency>
      <MissingDependency>
        <Required type="2" schemaName="govcdm_name" displayName="Name" parentSchemaName="govcdm_personnelvisitorrequest" parentDisplayName="Personnel Visitor Request" solution="govcdm_personnelsecurity (1.0.0.0)" />
        <Dependent type="60" displayName="Main" parentDisplayName="Personnel Visitor Request" id="{91b548db-c3f1-ee11-904b-000d3a8cbc95}" />
      </MissingDependency>
      <MissingDependency>
        <Required type="2" schemaName="govcdm_personneladjudication" displayName="Personnel Adjudication" parentSchemaName="govcdm_personnelbackgroundinvestigation" parentDisplayName="Personnel Background Investigation" solution="govcdm_personnelsecurity (1.0.0.0)" />
        <Dependent type="60" displayName="Main" parentDisplayName="Personnel Background Investigation" id="{77349620-4cf1-ee11-904b-000d3a8cbc95}" />
      </MissingDependency>
      <MissingDependency>
        <Required type="2" schemaName="ownerid" displayName="Owner" parentSchemaName="govcdm_personneladjudication" parentDisplayName="Personnel Adjudication" solution="Active" />
        <Dependent type="60" displayName="Main" parentDisplayName="Personnel Adjudication" id="{76ec80ec-4bf1-ee11-904b-000d3a8cbc95}" />
      </MissingDependency>
      <MissingDependency>
        <Required type="2" schemaName="ownerid" displayName="Owner" parentSchemaName="govcdm_personnelbackgroundinvestigation" parentDisplayName="Personnel Background Investigation" solution="Active" />
        <Dependent type="60" displayName="Main" parentDisplayName="Personnel Background Investigation" id="{77349620-4cf1-ee11-904b-000d3a8cbc95}" />
      </MissingDependency>
      <MissingDependency>
        <Required type="2" schemaName="ownerid" displayName="Owner" parentSchemaName="govcdm_personnelbadgerequest" parentDisplayName="Personnel Badge Request" solution="Active" />
        <Dependent type="60" displayName="Main" parentDisplayName="Personnel Badge Request" id="{d7fa7e35-4cf1-ee11-904b-000d3a8cbc95}" />
      </MissingDependency>
      <MissingDependency>
        <Required type="2" schemaName="ownerid" displayName="Owner" parentSchemaName="govcdm_personnelforeigncontact" parentDisplayName="Personnel Foreign Contact" solution="Active" />
        <Dependent type="60" displayName="Main" parentDisplayName="Personnel Foreign Contact" id="{e9e7385a-bff1-ee11-904b-000d3a8cbc95}" />
      </MissingDependency>
      <MissingDependency>
        <Required type="2" schemaName="ownerid" displayName="Owner" parentSchemaName="govcdm_personnelforeigntravel" parentDisplayName="Personnel Foreign Travel" solution="Active" />
        <Dependent type="60" displayName="Main" parentDisplayName="Personnel Foreign Travel" id="{761a4198-bff1-ee11-904b-000d3a8cbc95}" />
      </MissingDependency>
      <MissingDependency>
        <Required type="2" schemaName="ownerid" displayName="Owner" parentSchemaName="govcdm_personnelpassport" parentDisplayName="Personnel Passport" solution="Active" />
        <Dependent type="60" displayName="Main" parentDisplayName="Personnel Passport" id="{051eac62-c3f1-ee11-904b-000d3a8cbc95}" />
      </MissingDependency>
      <MissingDependency>
        <Required type="2" schemaName="ownerid" displayName="Owner" parentSchemaName="govcdm_personnelreportablelifeevent" parentDisplayName="Personnel Reportable Life Event" solution="Active" />
        <Dependent type="60" displayName="Main" parentDisplayName="Personnel Reportable Life Event" id="{6a42a8ba-c3f1-ee11-904b-000d3a8cbc95}" />
      </MissingDependency>
      <MissingDependency>
        <Required type="2" schemaName="ownerid" displayName="Owner" parentSchemaName="govcdm_personnelvisitorrequest" parentDisplayName="Personnel Visitor Request" solution="Active" />
        <Dependent type="60" displayName="Main" parentDisplayName="Personnel Visitor Request" id="{91b548db-c3f1-ee11-904b-000d3a8cbc95}" />
      </MissingDependency>
      <MissingDependency>
        <Required type="61" schemaName="msdyn_/Images/AppModule_Default_Icon.png" displayName="msdyn_/Images/AppModule_Default_Icon.png" solution="AppModuleWebResources (2.5)" />
        <Dependent type="80" schemaName="msfed_PersonnelSecurity" displayName="Personnel Security" />
      </MissingDependency>
      <MissingDependency>
        <Required type="SettingDefinition" displayName="AppChannel" solution="msdyn_AppFrameworkInfraExtensions (1.0.0.7)" id.uniquename="AppChannel" />
        <Dependent type="AppSetting" displayName="parentappmoduleid.uniquename=msfed_PersonnelSecurity,settingdefinitionid.uniquename=AppChannel" id.parentappmoduleid.uniquename="msfed_PersonnelSecurity" id.settingdefinitionid.uniquename="AppChannel" />
      </MissingDependency>
    </MissingDependencies>
  </SolutionManifest>
</ImportExportXml>